{
  "id" : "9040e60e-dc5d-484f-8f8c-c50774cf5875",
  "name" : "EngageOktaClientProvisioning",
  "createdOn" : "2026-01-22T21:02:40.731",
  "modifiedOn" : "2026-01-24T15:02:04.893",
  "createdBy" : "fbe89da3-e0bb-4982-bd59-d46f52883257",
  "modifiedBy" : "fbe89da3-e0bb-4982-bd59-d46f52883257",
  "projectDescription" : "Okta Client Provisioning for Engage self onboarding of OAuth 2.0 API",
  "active" : false,
  "tag" : "V2",
  "comment" : "refactored Okta API base url for flexibility to call multiple endpoint, some with /oauth2/v1 and others with /api/v1",
  "baseTag" : "V1",
  "modeId" : "112c1cb8-4b9e-4d1a-a042-0bd031dc7d05",
  "deployedOn" : null,
  "details" : null,
  "projectType" : "Fusion"
}