{
  "component_config_id" : "82a70b1a-d315-485d-8dc4-5699f417860c",
  "endpoint_config_json" : null,
  "input_config_json" : {
    "type" : "jsonb",
    "value" : "{\"maps\": [], \"mappedNodes\": [\"/CredentialProvisioningInvokeInput\", \"/CredentialProvisioningInvokeInputpipeOut\", \"/CredentialProvisioningInvokeOutput\", \"/CredentialProvisioningInvokeOutputpipeOut\"], \"transformer\": []}",
    "null" : false
  },
  "output_config_json" : {
    "type" : "jsonb",
    "value" : "{\"crossRef\": [], \"services\": [], \"multistep\": [], \"operations\": [{\"map\": {\"id\": \"abda90ac-5a3f-49ff-86f7-6fbeddd2cec9\", \"root\": true, \"type\": \"map\", \"cached\": false, \"source\": \"/CredentialProvisioningInvokeInput\", \"target\": \"/CredentialProvisioningInvokeInput\", \"mapNull\": false, \"disabled\": false, \"extractXml\": false, \"extractJson\": false, \"mapEmptyString\": false}}, {\"map\": {\"id\": \"b2242e9c-684d-49b6-9c6b-8f27a9260ca3\", \"root\": true, \"type\": \"map\", \"cached\": false, \"source\": \"/CredentialProvisioningInvokeOutput\", \"target\": \"/CredentialProvisioningInvokeOutput\", \"mapNull\": false, \"disabled\": false, \"extractXml\": false, \"extractJson\": false, \"mapEmptyString\": false}}]}",
    "null" : false
  },
  "component_id" : "5de7df5c-715f-4f53-a997-e4b4a6c5fcaf",
  "service_id" : "6e649697-d0b4-47ca-a475-b5b89ef10816",
  "endpoint_id" : null,
  "parent_component_config_id" : null,
  "component_config_order" : 1.0,
  "action_id" : "cad1c60d-1788-4dcf-af03-f5b628b22dd5",
  "name" : null,
  "description" : null,
  "override_endpoint" : false,
  "input_structure_json" : {
    "type" : "jsonb",
    "value" : "{\"maps\": [], \"mappedNodes\": [\"/CredentialProvisioningInvokeInput\", \"/CredentialProvisioningInvokeInputpipeOut\", \"/CredentialProvisioningInvokeOutput\", \"/CredentialProvisioningInvokeOutputpipeOut\"], \"transformer\": []}",
    "null" : false
  },
  "output_structure_json" : {
    "type" : "jsonb",
    "value" : "{\"maps\": [{\"/CredentialProvisioningInvokeInput\": [{\"type\": \"map\", \"source\": {\"path\": \"/CredentialProvisioningInvokeInput\", \"title\": \"CredentialProvisioningInvokeInput\", \"dataElementType\": \"document\"}, \"target\": {\"path\": \"/CredentialProvisioningInvokeInput\", \"alias\": null, \"order\": null, \"title\": \"CredentialProvisioningInvokeInput\", \"dataElementType\": \"document\"}, \"mapCondition\": {\"mapNull\": null, \"defaultValue\": null, \"isConditionSet\": false, \"mapEmptyString\": null, \"sourceTreeIndex\": [], \"targetTreeIndex\": [], \"mapConditionFormValue\": {\"fields\": null}}}], \"/CredentialProvisioningInvokeOutput\": [{\"type\": \"map\", \"source\": {\"path\": \"/CredentialProvisioningInvokeOutput\", \"title\": \"CredentialProvisioningInvokeOutput\", \"dataElementType\": \"document\"}, \"target\": {\"path\": \"/CredentialProvisioningInvokeOutput\", \"alias\": null, \"order\": null, \"title\": \"CredentialProvisioningInvokeOutput\", \"dataElementType\": \"document\"}, \"mapCondition\": {\"mapNull\": null, \"defaultValue\": null, \"isConditionSet\": false, \"mapEmptyString\": null, \"sourceTreeIndex\": [], \"targetTreeIndex\": [], \"mapConditionFormValue\": {\"fields\": null}}}]}]}",
    "null" : false
  },
  "endpoint_structure_json" : null,
  "is_error" : false,
  "no_of_errors" : null,
  "action_input_type" : null,
  "config_service_id" : null,
  "config_imap_id" : null,
  "config_b2b_document_type_id" : null,
  "config_document_id" : null,
  "add_variables" : null,
  "drop_variables" : null,
  "plug_input_structure" : null,
  "plug_output_structure" : null,
  "config_plug_id" : null,
  "override_plug" : false,
  "config_java_service_id" : null,
  "service_tag" : "EMPTY",
  "endpoint_tag" : null,
  "config_service_tag" : null,
  "config_imap_tag" : null,
  "config_b2b_document_type_tag" : null,
  "active" : true,
  "parent_component_config_service_tag" : "EMPTY",
  "service_project_id" : "9040e60e-dc5d-484f-8f8c-c50774cf5875",
  "service_project_tag" : "EMPTY",
  "config_service_project_id" : null,
  "config_service_project_tag" : null,
  "config_imap_project_id" : null,
  "config_imap_project_tag" : null,
  "config_b2b_document_type_project_id" : null,
  "config_b2b_document_type_project_tag" : null,
  "endpoint_project_id" : null,
  "endpoint_project_tag" : null,
  "config_plug_tag" : null,
  "config_plug_project_id" : null,
  "config_plug_project_tag" : null,
  "config_java_service_tag" : null,
  "config_java_service_project_id" : null,
  "config_java_service_project_tag" : null,
  "disabled" : false,
  "config" : {
    "type" : "json",
    "value" : "{\"id\":\"82aeea8f-6779-4307-babe-af32fe75d659\"}",
    "null" : false
  },
  "config_b2b_document_type_project_mode_id" : "112c1cb8-4b9e-4d1a-a042-0bd031dc7d05",
  "config_imap_project_mode_id" : "112c1cb8-4b9e-4d1a-a042-0bd031dc7d05",
  "config_java_service_project_mode_id" : "112c1cb8-4b9e-4d1a-a042-0bd031dc7d05",
  "config_plug_project_mode_id" : "112c1cb8-4b9e-4d1a-a042-0bd031dc7d05",
  "config_service_project_mode_id" : "112c1cb8-4b9e-4d1a-a042-0bd031dc7d05",
  "endpoint_project_mode_id" : "112c1cb8-4b9e-4d1a-a042-0bd031dc7d05",
  "service_project_mode_id" : "112c1cb8-4b9e-4d1a-a042-0bd031dc7d05",
  "parent_component_config_service_project_mode_id" : "112c1cb8-4b9e-4d1a-a042-0bd031dc7d05",
  "is_audit" : true,
  "keys_with_order" : null
}