{
  "component_config_id" : "fe392742-ed6d-4052-a224-27a38cf46ddf",
  "endpoint_config_json" : {
    "type" : "jsonb",
    "value" : "{\"crossRef\": [], \"services\": [], \"multistep\": [], \"operations\": []}",
    "null" : false
  },
  "input_config_json" : {
    "type" : "jsonb",
    "value" : "{\"crossRef\": [], \"services\": [], \"multistep\": [], \"operations\": []}",
    "null" : false
  },
  "output_config_json" : {
    "type" : "jsonb",
    "value" : "{\"crossRef\": [], \"services\": [], \"multistep\": [], \"operations\": [{\"transformer\": {\"id\": \"08c076fa-855b-48dc-a3a4-7a9272fc7034\", \"name\": \"STRING_MULTIPLE_CONCAT\", \"type\": \"String\", \"query\": null, \"inputs\": [{\"id\": \"4c9f57d3-9dbd-423f-a01a-649b928af682\", \"root\": false, \"type\": \"list\", \"cached\": false, \"source\": \"/cred-prov-flow-okta-serviceInput/CredentialProvisioningInvokeInput/scope[]\", \"target\": \"/STRING_MULTIPLE_CONCAT_INPUT/inStringList[]\", \"mapNull\": false, \"disabled\": false, \"extractXml\": false, \"extractJson\": false, \"mapEmptyString\": false, \"sourceJavaType\": \"java.lang.String\", \"targetJavaType\": \"java.lang.String\"}, {\"id\": \"c62cf738-0069-49c7-8a98-64a963067929\", \"root\": false, \"type\": \"setValue\", \"cached\": false, \"target\": \"/STRING_MULTIPLE_CONCAT_INPUT/delimiter\", \"mapNull\": false, \"disabled\": false, \"extractXml\": false, \"extractJson\": false, \"targetValue\": \" \", \"mapEmptyString\": false, \"targetJavaType\": \"java.lang.String\", \"variableSubstitution\": false}], \"outputs\": [{\"id\": \"42a1f44b-7c13-40ed-9c67-c17fae778099\", \"root\": false, \"type\": \"map\", \"cached\": false, \"source\": \"/STRING_MULTIPLE_CONCAT_OUTPUT/outString\", \"target\": \"/DCR_Input/scope\", \"mapNull\": false, \"disabled\": false, \"extractXml\": false, \"extractJson\": false, \"targetOrder\": 7.0, \"mapEmptyString\": false, \"sourceJavaType\": \"java.lang.String\", \"targetJavaType\": \"java.lang.String\"}], \"tableId\": null, \"configId\": null, \"disabled\": false, \"serviceId\": null, \"expression\": null}}, {\"transformer\": {\"id\": \"8f4aa79e-6d32-4411-b04c-ac2efaac7daf\", \"name\": \"LIST_ARRAY_SIZE\", \"type\": \"List\", \"query\": null, \"inputs\": [{\"id\": \"5595f1ce-9a0d-46bf-8d70-e022b977c29c\", \"root\": false, \"type\": \"list\", \"cached\": false, \"source\": \"/cred-prov-flow-okta-serviceInput/CredentialProvisioningInvokeInput/grant_types[]\", \"target\": \"/LIST_ARRAY_SIZE_INPUT/array[]\", \"mapNull\": false, \"disabled\": false, \"extractXml\": false, \"extractJson\": false, \"mapEmptyString\": false, \"sourceJavaType\": \"java.lang.String\", \"targetJavaType\": \"java.lang.Object\"}], \"outputs\": [{\"id\": \"8222d715-306e-4608-bb84-8983c795b4f0\", \"root\": false, \"type\": \"map\", \"cached\": false, \"source\": \"/LIST_ARRAY_SIZE_OUTPUT/size\", \"target\": \"/grant_types_length\", \"mapNull\": false, \"disabled\": false, \"extractXml\": false, \"extractJson\": false, \"targetOrder\": 1.0, \"mapEmptyString\": false, \"sourceJavaType\": \"java.lang.Integer\", \"targetJavaType\": \"java.lang.Integer\"}], \"tableId\": null, \"configId\": null, \"disabled\": false, \"serviceId\": null, \"expression\": null}}, {\"transformer\": {\"id\": \"8eaffa43-5c11-4557-beb0-75349fc2fcf1\", \"name\": \"STRING_MULTIPLE_CONCAT\", \"type\": \"String\", \"query\": null, \"inputs\": [{\"id\": \"897c23e4-a171-465f-9faa-e760608353a3\", \"root\": false, \"type\": \"list\", \"cached\": false, \"source\": \"/cred-prov-flow-okta-serviceInput/CredentialProvisioningInvokeInput/grant_types[]\", \"target\": \"/STRING_MULTIPLE_CONCAT_INPUT/inStringList[]\", \"mapNull\": false, \"disabled\": false, \"extractXml\": false, \"extractJson\": false, \"mapEmptyString\": false, \"sourceJavaType\": \"java.lang.String\", \"targetJavaType\": \"java.lang.String\"}, {\"id\": \"136b6302-25d4-4458-89be-b5f16feca24e\", \"root\": false, \"type\": \"setValue\", \"cached\": false, \"target\": \"/STRING_MULTIPLE_CONCAT_INPUT/delimiter\", \"mapNull\": false, \"disabled\": false, \"extractXml\": false, \"extractJson\": false, \"targetValue\": \",\", \"mapEmptyString\": false, \"targetJavaType\": \"java.lang.String\", \"variableSubstitution\": false}], \"outputs\": [{\"id\": \"a01e47b7-496e-4bd5-b0a1-c1838a5028ab\", \"root\": false, \"type\": \"map\", \"cached\": false, \"source\": \"/STRING_MULTIPLE_CONCAT_OUTPUT/outString\", \"target\": \"/grant_types_str\", \"mapNull\": false, \"disabled\": false, \"extractXml\": false, \"extractJson\": false, \"targetOrder\": 1.0, \"mapEmptyString\": false, \"sourceJavaType\": \"java.lang.String\", \"targetJavaType\": \"java.lang.String\"}], \"tableId\": null, \"configId\": null, \"disabled\": false, \"serviceId\": null, \"expression\": null}}, {\"map\": {\"id\": \"0c659053-a4ff-4683-9fda-b5ab566cfa49\", \"root\": false, \"type\": \"map\", \"cached\": false, \"source\": \"/cred-prov-flow-okta-serviceInput/CredentialProvisioningInvokeInput/client_name\", \"target\": \"/DCR_Input/client_name\", \"mapNull\": false, \"disabled\": false, \"extractXml\": false, \"extractJson\": false, \"targetOrder\": 1.0, \"mapEmptyString\": false, \"sourceJavaType\": \"java.lang.String\", \"targetJavaType\": \"java.lang.String\"}}, {\"map\": {\"id\": \"e8837a3a-e2f7-4858-aea7-9545051d7b98\", \"root\": false, \"type\": \"list\", \"cached\": false, \"source\": \"/cred-prov-flow-okta-serviceInput/CredentialProvisioningInvokeInput/redirect_uris[]\", \"target\": \"/DCR_Input/redirect_uris[]\", \"mapNull\": false, \"disabled\": false, \"extractXml\": false, \"extractJson\": false, \"targetOrder\": 2.0, \"mapEmptyString\": false, \"sourceJavaType\": \"java.lang.String\", \"targetJavaType\": \"java.lang.String\"}}, {\"map\": {\"id\": \"42039a84-26be-4a0b-bd66-675e62e2765d\", \"root\": false, \"type\": \"list\", \"cached\": false, \"source\": \"/cred-prov-flow-okta-serviceInput/CredentialProvisioningInvokeInput/response_types[]\", \"target\": \"/DCR_Input/response_types[]\", \"mapNull\": false, \"disabled\": false, \"extractXml\": false, \"extractJson\": false, \"targetOrder\": 3.0, \"mapEmptyString\": false, \"sourceJavaType\": \"java.lang.String\", \"targetJavaType\": \"java.lang.String\"}}, {\"map\": {\"id\": \"e8fee1e7-7aa2-489e-9a28-36b804667424\", \"root\": false, \"type\": \"list\", \"cached\": false, \"source\": \"/cred-prov-flow-okta-serviceInput/CredentialProvisioningInvokeInput/grant_types[]\", \"target\": \"/DCR_Input/grant_types[]\", \"mapNull\": false, \"disabled\": false, \"extractXml\": false, \"extractJson\": false, \"targetOrder\": 4.0, \"mapEmptyString\": false, \"sourceJavaType\": \"java.lang.String\", \"targetJavaType\": \"java.lang.String\"}}, {\"map\": {\"id\": \"b4785ba9-c312-4067-aa6e-5d72c83ea74d\", \"root\": false, \"type\": \"map\", \"cached\": false, \"source\": \"/cred-prov-flow-okta-serviceInput/CredentialProvisioningInvokeInput/tokenAuthMethod\", \"target\": \"/DCR_Input/token_endpoint_auth_method\", \"mapNull\": false, \"disabled\": false, \"extractXml\": false, \"extractJson\": false, \"targetOrder\": 5.0, \"mapEmptyString\": false, \"sourceJavaType\": \"java.lang.String\", \"targetJavaType\": \"java.lang.String\"}}, {\"map\": {\"id\": \"3c32f2b7-fcb8-429e-bcbf-8285168a0b77\", \"root\": false, \"type\": \"setValue\", \"cached\": false, \"target\": \"/invalidGrantTypeRequestErrorMessage\", \"mapNull\": false, \"disabled\": false, \"extractXml\": false, \"extractJson\": false, \"targetOrder\": 1.0, \"targetValue\": \"Okta requires different clients for client_credentials and AuthCodePKCE/Password flows.\\n\\ngrant_types detected is %{/cred-prov-flow-okta-serviceInput/CredentialProvisioningInvokeInput/grant_types[]}%\", \"mapEmptyString\": false, \"targetJavaType\": \"java.lang.String\", \"variableSubstitution\": true}}, {\"map\": {\"id\": \"c717d722-e7bc-458e-9ac7-5f51b76cc051\", \"root\": false, \"type\": \"setValue\", \"cached\": false, \"target\": \"/is_grant_type_client_credentials_only\", \"mapNull\": false, \"disabled\": false, \"extractXml\": false, \"extractJson\": false, \"targetOrder\": 1.0, \"targetValue\": \"false\", \"mapEmptyString\": false, \"targetJavaType\": \"java.lang.Boolean\", \"variableSubstitution\": false}}, {\"map\": {\"id\": \"c9dc6abf-0198-435f-a2bd-f8201bc1d0c5\", \"root\": false, \"type\": \"setValue\", \"cached\": false, \"target\": \"/okta_group_id\", \"mapNull\": false, \"disabled\": false, \"extractXml\": false, \"extractJson\": false, \"targetOrder\": 1.0, \"targetValue\": \"00gzg63zllstFgTwx697\\n\", \"mapEmptyString\": false, \"targetJavaType\": \"java.lang.String\", \"variableSubstitution\": false}}]}",
    "null" : false
  },
  "component_id" : "8ac5fe03-27a2-4e6a-a449-6a8893818223",
  "service_id" : "1bafffb1-b724-4a97-9a53-45923ebbe95a",
  "endpoint_id" : null,
  "parent_component_config_id" : null,
  "component_config_order" : 1.0,
  "action_id" : "06843b78-eab0-45da-afab-8c8277d7553f",
  "name" : "Declare/Map Vars",
  "description" : "",
  "override_endpoint" : false,
  "input_structure_json" : {
    "type" : "jsonb",
    "value" : "{\"maps\": [], \"mappedNodes\": [\"/cred-prov-flow-okta-serviceInput/CredentialProvisioningInvokeInput/scope[] pipeIn\", \"/STRING_MULTIPLE_CONCAT_INPUT/inStringList[]0\", \"/STRING_MULTIPLE_CONCAT_OUTPUT/outString0\", \"/DCR_Input/scopepipeOut\", \"/STRING_MULTIPLE_CONCAT_INPUT/delimiter\", \"/okta_group_idpipeOut\"]}",
    "null" : false
  },
  "output_structure_json" : {
    "type" : "jsonb",
    "value" : "{\"maps\": [{\"/DCR_Input/client_name\": [{\"type\": \"map\", \"source\": {\"path\": \"/cred-prov-flow-okta-serviceInput/CredentialProvisioningInvokeInput/client_name\", \"title\": \"client_name\", \"dataElementType\": \"string\"}, \"target\": {\"path\": \"/DCR_Input/client_name\", \"order\": 1, \"title\": \"client_name\", \"dataElementType\": \"string\"}, \"mapCondition\": {\"isConditionSet\": false, \"sourceTreeIndex\": [], \"targetTreeIndex\": [], \"mapConditionFormValue\": {}}}]}, {\"/DCR_Input/redirect_uris[]\": [{\"type\": \"list\", \"source\": {\"path\": \"/cred-prov-flow-okta-serviceInput/CredentialProvisioningInvokeInput/redirect_uris[]\", \"title\": \"redirect_uris\", \"dataElementType\": \"stringArray\"}, \"target\": {\"path\": \"/DCR_Input/redirect_uris[]\", \"order\": 2, \"title\": \"redirect_uris\", \"dataElementType\": \"stringArray\"}, \"mapCondition\": {\"isConditionSet\": false, \"sourceTreeIndex\": [{\"key\": 1, \"title\": \"cred-prov-flow-okta-serviceInput\", \"isLeaf\": false, \"isArray\": false, \"children\": [{\"key\": 2, \"title\": \"CredentialProvisioningInvokeInput\", \"isLeaf\": false, \"isArray\": false, \"children\": [{\"key\": 3, \"title\": \"redirect_uris[]\", \"isLeaf\": false, \"isArray\": true, \"parentKey\": 2, \"arrayIndex\": null}], \"parentKey\": 1}], \"parentKey\": 0}], \"targetTreeIndex\": [{\"key\": 1, \"title\": \"DCR_Input\", \"isLeaf\": false, \"isArray\": false, \"children\": [{\"key\": 2, \"title\": \"redirect_uris[]\", \"isLeaf\": false, \"isArray\": true, \"parentKey\": 1, \"arrayIndex\": null}], \"parentKey\": 0}], \"mapConditionFormValue\": {}}}]}, {\"/DCR_Input/response_types[]\": [{\"type\": \"list\", \"source\": {\"path\": \"/cred-prov-flow-okta-serviceInput/CredentialProvisioningInvokeInput/response_types[]\", \"title\": \"response_types\", \"dataElementType\": \"stringArray\"}, \"target\": {\"path\": \"/DCR_Input/response_types[]\", \"order\": 3, \"title\": \"response_types\", \"dataElementType\": \"stringArray\"}, \"mapCondition\": {\"isConditionSet\": false, \"sourceTreeIndex\": [{\"key\": 1, \"title\": \"cred-prov-flow-okta-serviceInput\", \"isLeaf\": false, \"isArray\": false, \"children\": [{\"key\": 2, \"title\": \"CredentialProvisioningInvokeInput\", \"isLeaf\": false, \"isArray\": false, \"children\": [{\"key\": 3, \"title\": \"response_types[]\", \"isLeaf\": false, \"isArray\": true, \"parentKey\": 2, \"arrayIndex\": null}], \"parentKey\": 1}], \"parentKey\": 0}], \"targetTreeIndex\": [{\"key\": 1, \"title\": \"DCR_Input\", \"isLeaf\": false, \"isArray\": false, \"children\": [{\"key\": 2, \"title\": \"response_types[]\", \"isLeaf\": false, \"isArray\": true, \"parentKey\": 1, \"arrayIndex\": null}], \"parentKey\": 0}], \"mapConditionFormValue\": {}}}]}, {\"/DCR_Input/grant_types[]\": [{\"type\": \"list\", \"source\": {\"path\": \"/cred-prov-flow-okta-serviceInput/CredentialProvisioningInvokeInput/grant_types[]\", \"title\": \"grant_types\", \"dataElementType\": \"stringArray\"}, \"target\": {\"path\": \"/DCR_Input/grant_types[]\", \"order\": 4, \"title\": \"grant_types\", \"dataElementType\": \"stringArray\"}, \"mapCondition\": {\"isConditionSet\": false, \"sourceTreeIndex\": [{\"key\": 1, \"title\": \"cred-prov-flow-okta-serviceInput\", \"isLeaf\": false, \"isArray\": false, \"children\": [{\"key\": 2, \"title\": \"CredentialProvisioningInvokeInput\", \"isLeaf\": false, \"isArray\": false, \"children\": [{\"key\": 3, \"title\": \"grant_types[]\", \"isLeaf\": false, \"isArray\": true, \"parentKey\": 2, \"arrayIndex\": null}], \"parentKey\": 1}], \"parentKey\": 0}], \"targetTreeIndex\": [{\"key\": 1, \"title\": \"DCR_Input\", \"isLeaf\": false, \"isArray\": false, \"children\": [{\"key\": 2, \"title\": \"grant_types[]\", \"isLeaf\": false, \"isArray\": true, \"parentKey\": 1, \"arrayIndex\": null}], \"parentKey\": 0}], \"mapConditionFormValue\": {}}}]}, {\"/DCR_Input/token_endpoint_auth_method\": [{\"type\": \"map\", \"source\": {\"path\": \"/cred-prov-flow-okta-serviceInput/CredentialProvisioningInvokeInput/tokenAuthMethod\", \"title\": \"tokenAuthMethod\", \"dataElementType\": \"string\"}, \"target\": {\"path\": \"/DCR_Input/token_endpoint_auth_method\", \"order\": 5, \"title\": \"token_endpoint_auth_method\", \"dataElementType\": \"string\"}, \"mapCondition\": {\"isConditionSet\": false, \"sourceTreeIndex\": [], \"targetTreeIndex\": [], \"mapConditionFormValue\": {}}}]}, {\"/invalidGrantTypeRequestErrorMessage\": [{\"type\": \"setValue\", \"order\": 1, \"target\": {\"path\": \"/invalidGrantTypeRequestErrorMessage\", \"order\": 1, \"title\": \"invalidGrantTypeRequestErrorMessage\", \"dataElementType\": \"string\"}, \"values\": [{\"id\": \"8d03cef2-1f13-4080-b438-0a429b2171a0\", \"key\": \"/invalidGrantTypeRequestErrorMessage\", \"type\": \"node\", \"order\": 1, \"title\": \"invalidGrantTypeRequestErrorMessage\", \"children\": [], \"setValue\": null, \"editAllow\": true, \"uiElement\": \"Okta requires different clients for client_credentials and AuthCodePKCE/Password flows.<br><br>grant_types detected is <input _ngcontent-ng-c3785946430=\\\"\\\" class=\\\"chip\\\" title=\\\"/cred-prov-flow-okta-serviceInput/CredentialProvisioningInvokeInput/grant_types[]\\\" readonly=\\\"true\\\" disabled=\\\"true\\\" type=\\\"button\\\" value=\\\"grant_types\\\">\", \"isSetValue\": false, \"dataElementType\": \"string\", \"componentConfigId\": \"fe392742-ed6d-4052-a224-27a38cf46ddf\", \"componentConfigName\": \"Map\"}], \"mapCondition\": {\"isConditionSet\": false, \"sourceTreeIndex\": [], \"targetTreeIndex\": [], \"mapConditionFormValue\": {}}, \"dataElementType\": \"string\", \"variableSubstitution\": true, \"overwritePipelineValue\": false}]}, {\"/is_grant_type_client_credentials_only\": [{\"type\": \"setValue\", \"order\": 1, \"target\": {\"path\": \"/is_grant_type_client_credentials_only\", \"order\": 1, \"title\": \"is_grant_type_client_credentials_only\", \"dataElementType\": \"boolean\"}, \"values\": [{\"id\": \"64313278-5b66-49c0-8966-c33e22981eaf\", \"key\": \"/is_grant_type_client_credentials_only\", \"type\": \"node\", \"order\": 1, \"title\": \"is_grant_type_client_credentials_only\", \"children\": [], \"setValue\": \"false\", \"editAllow\": true, \"uiElement\": \"false\", \"isSetValue\": false, \"dataElementType\": \"boolean\", \"componentConfigId\": \"fe392742-ed6d-4052-a224-27a38cf46ddf\", \"componentConfigName\": \"Map\"}], \"mapCondition\": {\"isConditionSet\": false, \"sourceTreeIndex\": [], \"targetTreeIndex\": [], \"mapConditionFormValue\": {}}, \"dataElementType\": \"boolean\", \"variableSubstitution\": false, \"overwritePipelineValue\": false}]}, {\"/okta_group_id\": [{\"type\": \"setValue\", \"order\": 1, \"target\": {\"path\": \"/okta_group_id\", \"order\": 1, \"title\": \"okta_group_id\", \"dataElementType\": \"string\"}, \"values\": [{\"id\": \"7d13d08c-b479-423f-bf80-672d76fee104\", \"key\": \"/okta_group_id\", \"type\": \"node\", \"order\": 1, \"title\": \"okta_group_id\", \"children\": [], \"setValue\": null, \"editAllow\": true, \"uiElement\": \"00gzg63zllstFgTwx697\\n\", \"isSetValue\": false, \"dataElementType\": \"string\", \"componentConfigId\": \"fe392742-ed6d-4052-a224-27a38cf46ddf\", \"componentConfigName\": \"Map\"}], \"mapCondition\": {\"isConditionSet\": false, \"sourceTreeIndex\": [], \"targetTreeIndex\": [], \"mapConditionFormValue\": {}}, \"dataElementType\": \"string\", \"variableSubstitution\": false, \"overwritePipelineValue\": false}]}], \"tracks\": {}, \"transformer\": [{\"inputs\": {\"/STRING_MULTIPLE_CONCAT_INPUT/delimiter\": [{\"type\": \"setValue\", \"target\": {\"path\": \"/STRING_MULTIPLE_CONCAT_INPUT/delimiter\", \"order\": \"\", \"title\": \"delimiter\", \"dataElementType\": \"string\"}, \"values\": [{\"id\": \"14b16e7b-6af3-4113-bd2b-01c2c8b35b6f\", \"key\": \"/STRING_MULTIPLE_CONCAT_INPUT/delimiter\", \"type\": \"string\", \"title\": \"delimiter\", \"isLeaf\": false, \"secret\": false, \"children\": [], \"setValue\": null, \"uiElement\": \" \", \"isSetValue\": false, \"dataElementType\": \"string\"}], \"mapCondition\": {\"isConditionSet\": false, \"sourceTreeIndex\": [], \"targetTreeIndex\": [], \"mapConditionFormValue\": {}}, \"variableSubstitution\": false, \"overwritePipelineValue\": false}], \"/STRING_MULTIPLE_CONCAT_INPUT/inStringList[]\": [{\"type\": \"list\", \"source\": {\"path\": \"/cred-prov-flow-okta-serviceInput/CredentialProvisioningInvokeInput/scope[]\", \"title\": \"scope\", \"dataElementType\": \"stringArray\"}, \"target\": {\"path\": \"/STRING_MULTIPLE_CONCAT_INPUT/inStringList[]\", \"title\": \"inStringList\", \"dataElementType\": \"stringArray\"}, \"mapCondition\": {\"isConditionSet\": false, \"sourceTreeIndex\": [{\"key\": 1, \"title\": \"cred-prov-flow-okta-serviceInput\", \"isLeaf\": false, \"isArray\": false, \"children\": [{\"key\": 2, \"title\": \"CredentialProvisioningInvokeInput\", \"isLeaf\": false, \"isArray\": false, \"children\": [{\"key\": 3, \"title\": \"scope[]\", \"isLeaf\": false, \"isArray\": true, \"parentKey\": 2, \"arrayIndex\": null}], \"parentKey\": 1}], \"parentKey\": 0}], \"targetTreeIndex\": [{\"key\": 1, \"title\": \"STRING_MULTIPLE_CONCAT_INPUT\", \"isLeaf\": false, \"isArray\": false, \"children\": [{\"key\": 2, \"title\": \"inStringList\", \"isLeaf\": false, \"isArray\": true, \"parentKey\": 1, \"arrayIndex\": null}], \"parentKey\": 0}], \"mapConditionFormValue\": {}}}]}, \"outputs\": {\"/DCR_Input/scope\": [{\"type\": \"map\", \"source\": {\"path\": \"/STRING_MULTIPLE_CONCAT_OUTPUT/outString\", \"title\": \"outString\", \"dataElementType\": \"string\"}, \"target\": {\"path\": \"/DCR_Input/scope\", \"order\": 7, \"title\": \"scope\", \"dataElementType\": \"string\"}, \"mapCondition\": {\"isConditionSet\": false, \"sourceTreeIndex\": [], \"targetTreeIndex\": [], \"mapConditionFormValue\": {}}}]}, \"functionInfo\": {\"id\": \"c9bdfebb-8b11-4357-86b7-64acea28e458\", \"name\": \"MultipleConcat\", \"category\": {\"id\": \"7e335ebf-c122-41de-a87f-8e4cb8f39ff6\"}, \"internalName\": \"STRING_MULTIPLE_CONCAT\"}}, {\"inputs\": {\"/LIST_ARRAY_SIZE_INPUT/array[]\": [{\"type\": \"list\", \"source\": {\"path\": \"/cred-prov-flow-okta-serviceInput/CredentialProvisioningInvokeInput/grant_types[]\", \"title\": \"grant_types\", \"dataElementType\": \"stringArray\"}, \"target\": {\"path\": \"/LIST_ARRAY_SIZE_INPUT/array[]\", \"title\": \"array\", \"dataElementType\": \"objectArray\"}, \"mapCondition\": {\"isConditionSet\": false, \"sourceTreeIndex\": [{\"key\": 1, \"title\": \"cred-prov-flow-okta-serviceInput\", \"isLeaf\": false, \"isArray\": false, \"children\": [{\"key\": 2, \"title\": \"CredentialProvisioningInvokeInput\", \"isLeaf\": false, \"isArray\": false, \"children\": [{\"key\": 3, \"title\": \"grant_types[]\", \"isLeaf\": false, \"isArray\": true, \"parentKey\": 2, \"arrayIndex\": null}], \"parentKey\": 1}], \"parentKey\": 0}], \"targetTreeIndex\": [{\"key\": 1, \"title\": \"LIST_ARRAY_SIZE_INPUT\", \"isLeaf\": false, \"isArray\": false, \"children\": [{\"key\": 2, \"title\": \"array\", \"isLeaf\": false, \"isArray\": true, \"parentKey\": 1, \"arrayIndex\": null}], \"parentKey\": 0}], \"mapConditionFormValue\": {}}}]}, \"outputs\": {\"/grant_types_length\": [{\"type\": \"map\", \"source\": {\"path\": \"/LIST_ARRAY_SIZE_OUTPUT/size\", \"title\": \"size\", \"dataElementType\": \"integer\"}, \"target\": {\"path\": \"/grant_types_length\", \"order\": 1, \"title\": \"grant_types_length\", \"dataElementType\": \"integer\"}, \"mapCondition\": {\"isConditionSet\": false, \"sourceTreeIndex\": [], \"targetTreeIndex\": [], \"mapConditionFormValue\": {}}}]}, \"functionInfo\": {\"id\": \"da6bcf26-b479-4a50-b0f9-92968d9cab38\", \"name\": \"SizeOfArray\", \"category\": {\"id\": \"41a97f98-22ec-4738-9b60-e2e3bd2bc1f9\"}, \"internalName\": \"LIST_ARRAY_SIZE\"}}, {\"inputs\": {\"/STRING_MULTIPLE_CONCAT_INPUT/delimiter\": [{\"type\": \"setValue\", \"target\": {\"path\": \"/STRING_MULTIPLE_CONCAT_INPUT/delimiter\", \"order\": \"\", \"title\": \"delimiter\", \"dataElementType\": \"string\"}, \"values\": [{\"id\": \"92896865-245e-4df3-82c8-48f1507c9051\", \"key\": \"/STRING_MULTIPLE_CONCAT_INPUT/delimiter\", \"type\": \"string\", \"title\": \"delimiter\", \"isLeaf\": false, \"secret\": false, \"children\": [], \"setValue\": null, \"uiElement\": \",\", \"isSetValue\": false, \"dataElementType\": \"string\"}], \"mapCondition\": {\"isConditionSet\": false, \"sourceTreeIndex\": [], \"targetTreeIndex\": [], \"mapConditionFormValue\": {}}, \"variableSubstitution\": false, \"overwritePipelineValue\": false}], \"/STRING_MULTIPLE_CONCAT_INPUT/inStringList[]\": [{\"type\": \"list\", \"source\": {\"path\": \"/cred-prov-flow-okta-serviceInput/CredentialProvisioningInvokeInput/grant_types[]\", \"title\": \"grant_types\", \"dataElementType\": \"stringArray\"}, \"target\": {\"path\": \"/STRING_MULTIPLE_CONCAT_INPUT/inStringList[]\", \"title\": \"inStringList\", \"dataElementType\": \"stringArray\"}, \"mapCondition\": {\"isConditionSet\": false, \"sourceTreeIndex\": [{\"key\": 1, \"title\": \"cred-prov-flow-okta-serviceInput\", \"isLeaf\": false, \"isArray\": false, \"children\": [{\"key\": 2, \"title\": \"CredentialProvisioningInvokeInput\", \"isLeaf\": false, \"isArray\": false, \"children\": [{\"key\": 3, \"title\": \"grant_types[]\", \"isLeaf\": false, \"isArray\": true, \"parentKey\": 2, \"arrayIndex\": null}], \"parentKey\": 1}], \"parentKey\": 0}], \"targetTreeIndex\": [{\"key\": 1, \"title\": \"STRING_MULTIPLE_CONCAT_INPUT\", \"isLeaf\": false, \"isArray\": false, \"children\": [{\"key\": 2, \"title\": \"inStringList\", \"isLeaf\": false, \"isArray\": true, \"parentKey\": 1, \"arrayIndex\": null}], \"parentKey\": 0}], \"mapConditionFormValue\": {}}}]}, \"outputs\": {\"/grant_types_str\": [{\"type\": \"map\", \"source\": {\"path\": \"/STRING_MULTIPLE_CONCAT_OUTPUT/outString\", \"title\": \"outString\", \"dataElementType\": \"string\"}, \"target\": {\"path\": \"/grant_types_str\", \"order\": 1, \"title\": \"grant_types_str\", \"dataElementType\": \"string\"}, \"mapCondition\": {\"isConditionSet\": false, \"sourceTreeIndex\": [], \"targetTreeIndex\": [], \"mapConditionFormValue\": {}}}]}, \"functionInfo\": {\"id\": \"c9bdfebb-8b11-4357-86b7-64acea28e458\", \"name\": \"MultipleConcat\", \"category\": {\"id\": \"7e335ebf-c122-41de-a87f-8e4cb8f39ff6\"}, \"internalName\": \"STRING_MULTIPLE_CONCAT\"}}]}",
    "null" : false
  },
  "endpoint_structure_json" : {
    "type" : "jsonb",
    "value" : "{\"maps\": []}",
    "null" : false
  },
  "is_error" : false,
  "no_of_errors" : 0,
  "action_input_type" : null,
  "config_service_id" : null,
  "config_imap_id" : null,
  "config_b2b_document_type_id" : null,
  "config_document_id" : null,
  "add_variables" : {
    "type" : "jsonb",
    "value" : "[{\"id\": \"45cda9d8-325a-4e26-9e04-07ff532656ed\", \"key\": \"/DCR_Input\", \"type\": \"reference\", \"order\": 2, \"title\": \"DCR_Input\", \"value\": {\"type\": \"object\"}, \"isLeaf\": false, \"children\": [], \"editAllow\": true, \"hasChildren\": false, \"projectName\": \"EngageOktaClientProvisioning\", \"referenceId\": \"13162d3b-22c6-4f93-8531-00602b0a2053\", \"isChildrenSet\": false, \"dataObjectName\": \"DCR_Input\", \"dataElementType\": \"document\", \"componentConfigId\": \"fe392742-ed6d-4052-a224-27a38cf46ddf\", \"encryption_required\": false}, {\"id\": \"2023f2a2-c241-40df-80cd-b9645d22e7bb\", \"key\": \"/invalidGrantTypeRequestErrorMessage\", \"type\": \"node\", \"order\": 1, \"title\": \"invalidGrantTypeRequestErrorMessage\", \"value\": {\"type\": \"string\"}, \"children\": [], \"editAllow\": true, \"componentName\": \"Declare/Map Vars\", \"dataElementType\": \"string\", \"componentConfigId\": \"fe392742-ed6d-4052-a224-27a38cf46ddf\", \"componentConfigName\": \"Map\"}, {\"id\": \"096bd95b-16b2-4b50-9e93-33532d1d8202\", \"key\": \"/grant_types_length\", \"type\": \"node\", \"order\": 1, \"title\": \"grant_types_length\", \"value\": {\"type\": \"number\"}, \"children\": [], \"editAllow\": true, \"componentName\": \"Declare/Map Vars\", \"dataElementType\": \"integer\", \"componentConfigId\": \"fe392742-ed6d-4052-a224-27a38cf46ddf\", \"componentConfigName\": \"Map\"}, {\"id\": \"0ba95e8e-4c7c-4a14-b68d-895c5da18444\", \"key\": \"/grant_types_str\", \"type\": \"node\", \"order\": 1, \"title\": \"grant_types_str\", \"value\": {\"type\": \"string\"}, \"children\": [], \"editAllow\": true, \"componentName\": \"Declare/Map Vars\", \"dataElementType\": \"string\", \"componentConfigId\": \"fe392742-ed6d-4052-a224-27a38cf46ddf\", \"componentConfigName\": \"Map\"}, {\"id\": \"891cb0fa-bd1a-4d26-9361-420828cc4a43\", \"key\": \"/is_grant_type_client_credentials_only\", \"type\": \"node\", \"order\": 1, \"title\": \"is_grant_type_client_credentials_only\", \"value\": {\"type\": \"boolean\"}, \"children\": [], \"editAllow\": true, \"componentName\": \"Declare/Map Vars\", \"dataElementType\": \"boolean\", \"componentConfigId\": \"fe392742-ed6d-4052-a224-27a38cf46ddf\", \"componentConfigName\": \"Map\"}, {\"id\": \"8e495005-9bac-4374-bf69-44c58f627ba8\", \"key\": \"/okta_group_id\", \"type\": \"node\", \"order\": 1, \"title\": \"okta_group_id\", \"value\": {\"type\": \"string\"}, \"children\": [], \"editAllow\": true, \"componentName\": \"Declare/Map Vars\", \"dataElementType\": \"string\", \"componentConfigId\": \"fe392742-ed6d-4052-a224-27a38cf46ddf\", \"componentConfigName\": \"Map\"}]",
    "null" : false
  },
  "drop_variables" : {
    "type" : "jsonb",
    "value" : "[]",
    "null" : false
  },
  "plug_input_structure" : null,
  "plug_output_structure" : null,
  "config_plug_id" : null,
  "override_plug" : false,
  "config_java_service_id" : null,
  "service_tag" : "EMPTY",
  "endpoint_tag" : null,
  "config_service_tag" : "",
  "config_imap_tag" : "",
  "config_b2b_document_type_tag" : "",
  "active" : true,
  "parent_component_config_service_tag" : "EMPTY",
  "service_project_id" : "9040e60e-dc5d-484f-8f8c-c50774cf5875",
  "service_project_tag" : "EMPTY",
  "config_service_project_id" : null,
  "config_service_project_tag" : "",
  "config_imap_project_id" : null,
  "config_imap_project_tag" : "",
  "config_b2b_document_type_project_id" : null,
  "config_b2b_document_type_project_tag" : "",
  "endpoint_project_id" : null,
  "endpoint_project_tag" : null,
  "config_plug_tag" : null,
  "config_plug_project_id" : null,
  "config_plug_project_tag" : null,
  "config_java_service_tag" : "",
  "config_java_service_project_id" : null,
  "config_java_service_project_tag" : "",
  "disabled" : false,
  "config" : null,
  "config_b2b_document_type_project_mode_id" : "112c1cb8-4b9e-4d1a-a042-0bd031dc7d05",
  "config_imap_project_mode_id" : "112c1cb8-4b9e-4d1a-a042-0bd031dc7d05",
  "config_java_service_project_mode_id" : "112c1cb8-4b9e-4d1a-a042-0bd031dc7d05",
  "config_plug_project_mode_id" : "112c1cb8-4b9e-4d1a-a042-0bd031dc7d05",
  "config_service_project_mode_id" : "112c1cb8-4b9e-4d1a-a042-0bd031dc7d05",
  "endpoint_project_mode_id" : "112c1cb8-4b9e-4d1a-a042-0bd031dc7d05",
  "service_project_mode_id" : "112c1cb8-4b9e-4d1a-a042-0bd031dc7d05",
  "parent_component_config_service_project_mode_id" : "112c1cb8-4b9e-4d1a-a042-0bd031dc7d05",
  "is_audit" : true,
  "keys_with_order" : null
}