{
  "component_config_id" : "6278591d-b809-45e7-9733-79702dd6f566",
  "endpoint_config_json" : {
    "type" : "jsonb",
    "value" : "{\"crossRef\": [], \"services\": [], \"multistep\": [], \"operations\": []}",
    "null" : false
  },
  "input_config_json" : {
    "type" : "jsonb",
    "value" : "{\"crossRef\": [], \"services\": [], \"multistep\": [], \"operations\": []}",
    "null" : false
  },
  "output_config_json" : {
    "type" : "jsonb",
    "value" : "{\"crossRef\": [], \"services\": [], \"multistep\": [], \"operations\": [{\"transformer\": {\"id\": \"805f0ec2-70dc-4d0f-bc01-467c421f61c7\", \"name\": \"LIST_APPEND_STRING_LIST\", \"type\": \"List\", \"query\": null, \"inputs\": [{\"id\": \"ce978b76-a5b7-4c4b-8ca0-c01637d8cfc8\", \"root\": false, \"type\": \"list\", \"cached\": false, \"source\": \"/DCR_Input/redirect_uris[]\", \"target\": \"/LIST_APPEND_STRING_LIST_INPUT/stringList[]\", \"mapNull\": false, \"disabled\": false, \"extractXml\": false, \"extractJson\": false, \"mapEmptyString\": false, \"sourceJavaType\": \"java.lang.String\", \"targetJavaType\": \"java.lang.String\"}, {\"id\": \"58f8dd0c-dfc3-4fb6-8fce-eea1fe488346\", \"root\": false, \"type\": \"setValue\", \"cached\": false, \"target\": \"/LIST_APPEND_STRING_LIST_INPUT/inString\", \"mapNull\": false, \"disabled\": false, \"extractXml\": false, \"extractJson\": false, \"targetValue\": \"https://oauth.pstmn.io/v1/callback\", \"mapEmptyString\": false, \"targetJavaType\": \"java.lang.String\", \"variableSubstitution\": false}], \"outputs\": [{\"id\": \"9929842e-702e-4a40-84fa-39e45bc2cf80\", \"root\": false, \"type\": \"list\", \"cached\": false, \"source\": \"/LIST_APPEND_STRING_LIST_OUTPUT/stringList[]\", \"target\": \"/DCR_Input/redirect_uris[]\", \"mapNull\": false, \"disabled\": false, \"extractXml\": false, \"extractJson\": false, \"targetOrder\": 2.0, \"mapEmptyString\": false, \"sourceJavaType\": \"java.lang.String\", \"targetJavaType\": \"java.lang.String\"}], \"tableId\": null, \"configId\": null, \"disabled\": false, \"serviceId\": null, \"expression\": null}}, {\"map\": {\"id\": \"f8eb579b-859c-463f-8a1a-b4dfb58a0081\", \"root\": false, \"type\": \"setValue\", \"cached\": false, \"target\": \"/DCR_Input/application_type\", \"mapNull\": false, \"disabled\": false, \"extractXml\": false, \"extractJson\": false, \"targetOrder\": 6.0, \"targetValue\": \"browser\", \"mapEmptyString\": false, \"targetJavaType\": \"java.lang.String\", \"variableSubstitution\": false}}, {\"map\": {\"id\": \"2cd3a194-e3ac-419a-a77e-ec21e4849286\", \"root\": false, \"type\": \"setValue\", \"cached\": false, \"target\": \"/is_grant_type_client_credentials_only\", \"mapNull\": false, \"disabled\": false, \"extractXml\": false, \"extractJson\": false, \"targetOrder\": 1.0, \"targetValue\": \"false\", \"mapEmptyString\": false, \"targetJavaType\": \"java.lang.Boolean\", \"variableSubstitution\": false}}, {\"map\": {\"id\": \"393945e9-4ca1-427d-85dd-b30e74ad8fb6\", \"root\": false, \"type\": \"setValue\", \"cached\": false, \"target\": \"/DCR_Input/token_endpoint_auth_method\", \"mapNull\": false, \"disabled\": false, \"extractXml\": false, \"extractJson\": false, \"targetOrder\": 5.0, \"targetValue\": \"none\", \"mapEmptyString\": false, \"targetJavaType\": \"java.lang.String\", \"variableSubstitution\": false}}]}",
    "null" : false
  },
  "component_id" : "8ac5fe03-27a2-4e6a-a449-6a8893818223",
  "service_id" : "1bafffb1-b724-4a97-9a53-45923ebbe95a",
  "endpoint_id" : null,
  "parent_component_config_id" : "b610c58b-06c0-499d-9c0a-af615c47a819",
  "component_config_order" : 3.0,
  "action_id" : "06843b78-eab0-45da-afab-8c8277d7553f",
  "name" : "Update DCR Input for AuthCode/Password and set Boolean",
  "description" : "",
  "override_endpoint" : false,
  "input_structure_json" : {
    "type" : "jsonb",
    "value" : "{\"maps\": [], \"mappedNodes\": [\"/DCR_Input/application_typepipeOut\", \"/is_grant_type_client_credentials_onlypipeOut\", \"/DCR_Input/token_endpoint_auth_methodpipeOut\", \"/DCR_Input/redirect_uris[] pipeIn\", \"/LIST_APPEND_STRING_LIST_INPUT/stringList[]0\", \"/LIST_APPEND_STRING_LIST_INPUT/inString\", \"/LIST_APPEND_STRING_LIST_INPUT\", \"/LIST_APPEND_STRING_LIST_OUTPUT/stringList[]0\", \"/DCR_Input/redirect_uris[]pipeOut\"]}",
    "null" : false
  },
  "output_structure_json" : {
    "type" : "jsonb",
    "value" : "{\"maps\": [{\"/DCR_Input/application_type\": [{\"type\": \"setValue\", \"order\": 6, \"target\": {\"path\": \"/DCR_Input/application_type\", \"order\": 6, \"title\": \"application_type\", \"dataElementType\": \"string\"}, \"values\": [{\"id\": \"5710dac5-b10d-413f-8488-1ade5e8cc594\", \"key\": \"/DCR_Input/application_type\", \"type\": \"string\", \"order\": 6, \"title\": \"application_type\", \"isLeaf\": true, \"setValue\": null, \"uiElement\": \"browser\", \"isSetValue\": false, \"childrenSet\": false, \"hasChildren\": false, \"referenceId\": \"13162d3b-22c6-4f93-8531-00602b0a2053\", \"appendKeyPrefix\": \"/DCR_Input\", \"dataElementType\": \"string\", \"encryption_required\": false}], \"mapCondition\": {\"isConditionSet\": false, \"sourceTreeIndex\": [], \"targetTreeIndex\": [], \"mapConditionFormValue\": {}}, \"dataElementType\": \"string\", \"variableSubstitution\": false, \"overwritePipelineValue\": false}]}, {\"/is_grant_type_client_credentials_only\": [{\"type\": \"setValue\", \"order\": 1, \"target\": {\"path\": \"/is_grant_type_client_credentials_only\", \"order\": 1, \"title\": \"is_grant_type_client_credentials_only\", \"dataElementType\": \"boolean\"}, \"values\": [{\"id\": \"68aea334-24ff-4476-a2a0-c0c4b1944941\", \"key\": \"/is_grant_type_client_credentials_only\", \"type\": \"node\", \"order\": 1, \"title\": \"is_grant_type_client_credentials_only\", \"children\": [], \"setValue\": \"false\", \"editAllow\": true, \"uiElement\": \"false\", \"isSetValue\": false, \"childrenSet\": false, \"hasChildren\": false, \"componentName\": \"Declare/Map Vars\", \"dataElementType\": \"boolean\", \"componentConfigId\": \"fe392742-ed6d-4052-a224-27a38cf46ddf\", \"componentConfigName\": \"Map\", \"encryption_required\": false}], \"mapCondition\": {\"isConditionSet\": false, \"sourceTreeIndex\": [], \"targetTreeIndex\": [], \"mapConditionFormValue\": {}}, \"dataElementType\": \"boolean\", \"variableSubstitution\": false, \"overwritePipelineValue\": false}]}, {\"/DCR_Input/token_endpoint_auth_method\": [{\"type\": \"setValue\", \"order\": 5, \"target\": {\"path\": \"/DCR_Input/token_endpoint_auth_method\", \"order\": 5, \"title\": \"token_endpoint_auth_method\", \"dataElementType\": \"string\"}, \"values\": [{\"id\": \"549974bd-6542-4c17-88c4-87586e445199\", \"key\": \"/DCR_Input/token_endpoint_auth_method\", \"type\": \"string\", \"order\": 5, \"title\": \"token_endpoint_auth_method\", \"isLeaf\": true, \"setValue\": null, \"uiElement\": \"none\", \"isSetValue\": false, \"childrenSet\": false, \"hasChildren\": false, \"referenceId\": \"13162d3b-22c6-4f93-8531-00602b0a2053\", \"appendKeyPrefix\": \"/DCR_Input\", \"dataElementType\": \"string\", \"encryption_required\": false}], \"mapCondition\": {\"isConditionSet\": false, \"sourceTreeIndex\": [], \"targetTreeIndex\": [], \"mapConditionFormValue\": {}}, \"dataElementType\": \"string\", \"variableSubstitution\": false, \"overwritePipelineValue\": false}]}], \"tracks\": {}, \"transformer\": [{\"inputs\": {\"/LIST_APPEND_STRING_LIST_INPUT/inString\": [{\"type\": \"setValue\", \"target\": {\"path\": \"/LIST_APPEND_STRING_LIST_INPUT/inString\", \"order\": \"\", \"title\": \"inString\", \"dataElementType\": \"string\"}, \"values\": [{\"id\": \"8e64498a-409c-42cb-bdf8-c96c536e0f94\", \"key\": \"/LIST_APPEND_STRING_LIST_INPUT/inString\", \"type\": \"string\", \"title\": \"inString\", \"isLeaf\": false, \"secret\": false, \"children\": [], \"setValue\": null, \"uiElement\": \"https://oauth.pstmn.io/v1/callback\", \"isSetValue\": false, \"dataElementType\": \"string\"}], \"mapCondition\": {\"isConditionSet\": false, \"sourceTreeIndex\": [], \"targetTreeIndex\": [], \"mapConditionFormValue\": {}}, \"variableSubstitution\": false, \"overwritePipelineValue\": false}], \"/LIST_APPEND_STRING_LIST_INPUT/stringList[]\": [{\"type\": \"list\", \"source\": {\"path\": \"/DCR_Input/redirect_uris[]\", \"title\": \"redirect_uris\", \"dataElementType\": \"stringArray\"}, \"target\": {\"path\": \"/LIST_APPEND_STRING_LIST_INPUT/stringList[]\", \"title\": \"stringList\", \"dataElementType\": \"stringArray\"}, \"mapCondition\": {\"isConditionSet\": false, \"sourceTreeIndex\": [{\"key\": 1, \"title\": \"DCR_Input\", \"isLeaf\": false, \"isArray\": false, \"children\": [{\"key\": 2, \"title\": \"redirect_uris[]\", \"isLeaf\": false, \"isArray\": true, \"parentKey\": 1, \"arrayIndex\": null}], \"parentKey\": 0}], \"targetTreeIndex\": [{\"key\": 1, \"title\": \"LIST_APPEND_STRING_LIST_INPUT\", \"isLeaf\": false, \"isArray\": false, \"children\": [{\"key\": 2, \"title\": \"stringList\", \"isLeaf\": false, \"isArray\": true, \"parentKey\": 1, \"arrayIndex\": null}], \"parentKey\": 0}], \"mapConditionFormValue\": {}}}]}, \"outputs\": {\"/DCR_Input/redirect_uris[]\": [{\"type\": \"list\", \"source\": {\"path\": \"/LIST_APPEND_STRING_LIST_OUTPUT/stringList[]\", \"title\": \"stringList\", \"dataElementType\": \"stringArray\"}, \"target\": {\"path\": \"/DCR_Input/redirect_uris[]\", \"order\": 2, \"title\": \"redirect_uris\", \"dataElementType\": \"stringArray\"}, \"mapCondition\": {\"isConditionSet\": false, \"sourceTreeIndex\": [{\"key\": 1, \"title\": \"LIST_APPEND_STRING_LIST_OUTPUT\", \"isLeaf\": false, \"isArray\": false, \"children\": [{\"key\": 2, \"title\": \"stringList\", \"isLeaf\": false, \"isArray\": true, \"parentKey\": 1, \"arrayIndex\": null}], \"parentKey\": 0}], \"targetTreeIndex\": [{\"key\": 1, \"title\": \"DCR_Input\", \"isLeaf\": false, \"isArray\": false, \"children\": [{\"key\": 2, \"title\": \"redirect_uris[]\", \"isLeaf\": false, \"isArray\": true, \"parentKey\": 1, \"arrayIndex\": null}], \"parentKey\": 0}], \"mapConditionFormValue\": {}}}]}, \"functionInfo\": {\"id\": \"666d263f-dfdc-4bd6-b1de-a595b2f6a133\", \"name\": \"AppendStringList\", \"category\": {\"id\": \"41a97f98-22ec-4738-9b60-e2e3bd2bc1f9\"}, \"internalName\": \"LIST_APPEND_STRING_LIST\"}}]}",
    "null" : false
  },
  "endpoint_structure_json" : {
    "type" : "jsonb",
    "value" : "{\"maps\": []}",
    "null" : false
  },
  "is_error" : false,
  "no_of_errors" : 0,
  "action_input_type" : null,
  "config_service_id" : null,
  "config_imap_id" : null,
  "config_b2b_document_type_id" : null,
  "config_document_id" : null,
  "add_variables" : {
    "type" : "jsonb",
    "value" : "[]",
    "null" : false
  },
  "drop_variables" : {
    "type" : "jsonb",
    "value" : "[]",
    "null" : false
  },
  "plug_input_structure" : null,
  "plug_output_structure" : null,
  "config_plug_id" : null,
  "override_plug" : false,
  "config_java_service_id" : null,
  "service_tag" : "EMPTY",
  "endpoint_tag" : null,
  "config_service_tag" : "",
  "config_imap_tag" : "",
  "config_b2b_document_type_tag" : "",
  "active" : true,
  "parent_component_config_service_tag" : "EMPTY",
  "service_project_id" : "9040e60e-dc5d-484f-8f8c-c50774cf5875",
  "service_project_tag" : "EMPTY",
  "config_service_project_id" : null,
  "config_service_project_tag" : "",
  "config_imap_project_id" : null,
  "config_imap_project_tag" : "",
  "config_b2b_document_type_project_id" : null,
  "config_b2b_document_type_project_tag" : "",
  "endpoint_project_id" : null,
  "endpoint_project_tag" : null,
  "config_plug_tag" : null,
  "config_plug_project_id" : null,
  "config_plug_project_tag" : null,
  "config_java_service_tag" : "",
  "config_java_service_project_id" : null,
  "config_java_service_project_tag" : "",
  "disabled" : false,
  "config" : null,
  "config_b2b_document_type_project_mode_id" : "112c1cb8-4b9e-4d1a-a042-0bd031dc7d05",
  "config_imap_project_mode_id" : "112c1cb8-4b9e-4d1a-a042-0bd031dc7d05",
  "config_java_service_project_mode_id" : "112c1cb8-4b9e-4d1a-a042-0bd031dc7d05",
  "config_plug_project_mode_id" : "112c1cb8-4b9e-4d1a-a042-0bd031dc7d05",
  "config_service_project_mode_id" : "112c1cb8-4b9e-4d1a-a042-0bd031dc7d05",
  "endpoint_project_mode_id" : "112c1cb8-4b9e-4d1a-a042-0bd031dc7d05",
  "service_project_mode_id" : "112c1cb8-4b9e-4d1a-a042-0bd031dc7d05",
  "parent_component_config_service_project_mode_id" : "112c1cb8-4b9e-4d1a-a042-0bd031dc7d05",
  "is_audit" : true,
  "keys_with_order" : null
}