{
  "component_config_id" : "7fd2c366-952f-4f92-9e4f-ba12c42fb59c",
  "endpoint_config_json" : {
    "type" : "jsonb",
    "value" : "{\"crossRef\": [], \"services\": [], \"multistep\": [], \"operations\": []}",
    "null" : false
  },
  "input_config_json" : {
    "type" : "jsonb",
    "value" : "{\"crossRef\": [], \"services\": [], \"multistep\": [], \"operations\": []}",
    "null" : false
  },
  "output_config_json" : {
    "type" : "jsonb",
    "value" : "{\"crossRef\": [], \"services\": [], \"multistep\": [], \"operations\": [{\"map\": {\"id\": \"7b0330eb-4413-41eb-b1c8-972c9d3eb105\", \"root\": false, \"type\": \"setValue\", \"cached\": false, \"target\": \"/DCR_Input/application_type\", \"mapNull\": false, \"disabled\": false, \"extractXml\": false, \"extractJson\": false, \"targetOrder\": 6.0, \"targetValue\": \"service\", \"mapEmptyString\": false, \"targetJavaType\": \"java.lang.String\", \"variableSubstitution\": false}}, {\"map\": {\"id\": \"eb6d365c-1dc0-4a31-9357-c079df49301b\", \"root\": false, \"type\": \"setValue\", \"cached\": false, \"target\": \"/DCR_Input/response_types/@{0}\", \"mapNull\": false, \"disabled\": false, \"extractXml\": false, \"extractJson\": false, \"targetOrder\": 3.0, \"targetValue\": \"token\", \"mapEmptyString\": false, \"targetJavaType\": \"java.lang.String\", \"variableSubstitution\": false}}, {\"map\": {\"id\": \"95b95e63-2903-4746-94c6-147a5587a462\", \"root\": false, \"type\": \"setValue\", \"cached\": false, \"target\": \"/is_grant_type_client_credentials_only\", \"mapNull\": false, \"disabled\": false, \"extractXml\": false, \"extractJson\": false, \"targetOrder\": 1.0, \"targetValue\": \"true\", \"mapEmptyString\": false, \"targetJavaType\": \"java.lang.Boolean\", \"variableSubstitution\": false}}]}",
    "null" : false
  },
  "component_id" : "8ac5fe03-27a2-4e6a-a449-6a8893818223",
  "service_id" : "1bafffb1-b724-4a97-9a53-45923ebbe95a",
  "endpoint_id" : null,
  "parent_component_config_id" : "a5ffa296-e9b6-4643-91f0-0d7f1f25baf3",
  "component_config_order" : 2.5,
  "action_id" : "06843b78-eab0-45da-afab-8c8277d7553f",
  "name" : "Update DCR Input for client_credentials ONLY and set Boolean",
  "description" : "",
  "override_endpoint" : false,
  "input_structure_json" : {
    "type" : "jsonb",
    "value" : "{\"maps\": [], \"mappedNodes\": [\"/DCR_Input/application_typepipeOut\", \"/DCR_InputpipeOut\", \"/DCR_Input/response_types[]pipeOut\", \"/DCR_InputpipeOut\", \"/DCR_InputpipeOut\", \"/DCR_InputpipeOut\", \"/is_grant_type_client_credentials_onlypipeOut\"]}",
    "null" : false
  },
  "output_structure_json" : {
    "type" : "jsonb",
    "value" : "{\"maps\": [{\"/DCR_Input/application_type\": [{\"type\": \"setValue\", \"order\": 6, \"target\": {\"path\": \"/DCR_Input/application_type\", \"order\": 6, \"title\": \"application_type\", \"dataElementType\": \"string\"}, \"values\": [{\"id\": \"62f3e6ef-7fb1-48a2-9711-92bcbfaf9ca8\", \"key\": \"/DCR_Input/application_type\", \"type\": \"string\", \"order\": 6, \"title\": \"application_type\", \"isLeaf\": true, \"setValue\": null, \"uiElement\": \"service\", \"isSetValue\": false, \"childrenSet\": false, \"hasChildren\": false, \"referenceId\": \"13162d3b-22c6-4f93-8531-00602b0a2053\", \"appendKeyPrefix\": \"/DCR_Input\", \"dataElementType\": \"string\", \"encryption_required\": false}], \"mapCondition\": {\"isConditionSet\": false, \"sourceTreeIndex\": [], \"targetTreeIndex\": [], \"mapConditionFormValue\": {}}, \"dataElementType\": \"string\", \"variableSubstitution\": false, \"overwritePipelineValue\": false}]}, {\"/DCR_Input/response_types[]\": [{\"type\": \"setValue\", \"order\": 3, \"target\": {\"path\": \"/DCR_Input/response_types[]\", \"order\": 3, \"title\": \"response_types\", \"dataElementType\": \"stringArray\"}, \"values\": [{\"id\": \"cb97ba49-31bb-4881-be73-cfda1f82aa79\", \"key\": \"/DCR_Input/response_types[]\", \"type\": \"array\", \"order\": 3, \"title\": \"response_types\", \"isLeaf\": false, \"children\": [{\"id\": \"9ab0b98f-9b14-4d1a-ab34-2af5014da2d4\", \"key\": 0, \"node\": {\"id\": \"cb97ba49-31bb-4881-be73-cfda1f82aa79\", \"key\": \"/DCR_Input/response_types[]\", \"type\": \"array\", \"order\": 3, \"title\": \"response_types\", \"isLeaf\": false, \"setValue\": null, \"childrenSet\": false, \"hasChildren\": false, \"referenceId\": \"13162d3b-22c6-4f93-8531-00602b0a2053\", \"appendKeyPrefix\": \"/DCR_Input\", \"dataElementType\": \"stringArray\", \"encryption_required\": false}, \"type\": \"index\", \"title\": \"0\", \"isLeaf\": true, \"setValue\": \"\", \"uiElement\": \"token\", \"isSetValue\": false, \"dataElementType\": \"index\"}], \"setValue\": null, \"childrenSet\": false, \"hasChildren\": false, \"referenceId\": \"13162d3b-22c6-4f93-8531-00602b0a2053\", \"appendKeyPrefix\": \"/DCR_Input\", \"dataElementType\": \"stringArray\", \"encryption_required\": false}], \"mapCondition\": {\"isConditionSet\": false, \"sourceTreeIndex\": [], \"targetTreeIndex\": [{\"key\": 1, \"title\": \"DCR_Input\", \"isLeaf\": false, \"isArray\": false, \"children\": [{\"key\": 2, \"title\": \"response_types\", \"isLeaf\": false, \"isArray\": true, \"parentKey\": 1, \"arrayIndex\": null}], \"parentKey\": 0}], \"mapConditionFormValue\": {}}, \"dataElementType\": \"stringArray\", \"variableSubstitution\": false, \"overwritePipelineValue\": false}]}, {\"/is_grant_type_client_credentials_only\": [{\"type\": \"setValue\", \"order\": 1, \"target\": {\"path\": \"/is_grant_type_client_credentials_only\", \"order\": 1, \"title\": \"is_grant_type_client_credentials_only\", \"dataElementType\": \"boolean\"}, \"values\": [{\"id\": \"6304fccb-dd89-4208-bf17-80ee3abf66c7\", \"key\": \"/is_grant_type_client_credentials_only\", \"type\": \"node\", \"order\": 1, \"title\": \"is_grant_type_client_credentials_only\", \"children\": [], \"setValue\": \"true\", \"editAllow\": true, \"uiElement\": \"true\", \"isSetValue\": false, \"childrenSet\": false, \"hasChildren\": false, \"componentName\": \"Declare/Map Vars\", \"dataElementType\": \"boolean\", \"componentConfigId\": \"fe392742-ed6d-4052-a224-27a38cf46ddf\", \"componentConfigName\": \"Map\", \"encryption_required\": false}], \"mapCondition\": {\"isConditionSet\": false, \"sourceTreeIndex\": [], \"targetTreeIndex\": [], \"mapConditionFormValue\": {}}, \"dataElementType\": \"boolean\", \"variableSubstitution\": false, \"overwritePipelineValue\": false}]}], \"tracks\": {}, \"transformer\": []}",
    "null" : false
  },
  "endpoint_structure_json" : {
    "type" : "jsonb",
    "value" : "{\"maps\": []}",
    "null" : false
  },
  "is_error" : false,
  "no_of_errors" : 0,
  "action_input_type" : null,
  "config_service_id" : null,
  "config_imap_id" : null,
  "config_b2b_document_type_id" : null,
  "config_document_id" : null,
  "add_variables" : {
    "type" : "jsonb",
    "value" : "[]",
    "null" : false
  },
  "drop_variables" : {
    "type" : "jsonb",
    "value" : "[]",
    "null" : false
  },
  "plug_input_structure" : null,
  "plug_output_structure" : null,
  "config_plug_id" : null,
  "override_plug" : false,
  "config_java_service_id" : null,
  "service_tag" : "EMPTY",
  "endpoint_tag" : null,
  "config_service_tag" : "",
  "config_imap_tag" : "",
  "config_b2b_document_type_tag" : "",
  "active" : true,
  "parent_component_config_service_tag" : "EMPTY",
  "service_project_id" : "9040e60e-dc5d-484f-8f8c-c50774cf5875",
  "service_project_tag" : "EMPTY",
  "config_service_project_id" : null,
  "config_service_project_tag" : "",
  "config_imap_project_id" : null,
  "config_imap_project_tag" : "",
  "config_b2b_document_type_project_id" : null,
  "config_b2b_document_type_project_tag" : "",
  "endpoint_project_id" : null,
  "endpoint_project_tag" : null,
  "config_plug_tag" : null,
  "config_plug_project_id" : null,
  "config_plug_project_tag" : null,
  "config_java_service_tag" : "",
  "config_java_service_project_id" : null,
  "config_java_service_project_tag" : "",
  "disabled" : false,
  "config" : null,
  "config_b2b_document_type_project_mode_id" : "112c1cb8-4b9e-4d1a-a042-0bd031dc7d05",
  "config_imap_project_mode_id" : "112c1cb8-4b9e-4d1a-a042-0bd031dc7d05",
  "config_java_service_project_mode_id" : "112c1cb8-4b9e-4d1a-a042-0bd031dc7d05",
  "config_plug_project_mode_id" : "112c1cb8-4b9e-4d1a-a042-0bd031dc7d05",
  "config_service_project_mode_id" : "112c1cb8-4b9e-4d1a-a042-0bd031dc7d05",
  "endpoint_project_mode_id" : "112c1cb8-4b9e-4d1a-a042-0bd031dc7d05",
  "service_project_mode_id" : "112c1cb8-4b9e-4d1a-a042-0bd031dc7d05",
  "parent_component_config_service_project_mode_id" : "112c1cb8-4b9e-4d1a-a042-0bd031dc7d05",
  "is_audit" : true,
  "keys_with_order" : null
}