{
  "component_config_id" : "2cb3c5ff-6d62-432d-afb3-f95f18bfb8a3",
  "endpoint_config_json" : {
    "type" : "jsonb",
    "value" : "{\"crossRef\": [], \"services\": [], \"multistep\": [], \"operations\": []}",
    "null" : false
  },
  "input_config_json" : {
    "type" : "jsonb",
    "value" : "{\"crossRef\": [], \"services\": [], \"multistep\": [], \"operations\": [{\"map\": {\"id\": \"1d29fdf6-9eb8-4fc7-914c-dd42c469a404\", \"root\": false, \"type\": \"map\", \"cached\": false, \"source\": \"/HTTPSPostOutput/response\", \"target\": \"/jsonString\", \"mapNull\": false, \"disabled\": false, \"extractXml\": false, \"extractJson\": false, \"targetOrder\": 1.0, \"mapEmptyString\": false, \"sourceJavaType\": \"java.lang.Object\", \"targetJavaType\": \"java.lang.String\"}}]}",
    "null" : false
  },
  "output_config_json" : {
    "type" : "jsonb",
    "value" : "{\"crossRef\": [], \"services\": [], \"multistep\": [], \"operations\": [{\"map\": {\"id\": \"4b879c29-481c-428f-998e-286655dd91c4\", \"root\": true, \"type\": \"map\", \"cached\": false, \"source\": \"/DCR_Output\", \"target\": \"/DCR_Output\", \"mapNull\": false, \"disabled\": false, \"extractXml\": false, \"extractJson\": false, \"targetOrder\": 0.0, \"mapEmptyString\": false}}, {\"map\": {\"id\": \"5c26478d-96f1-473b-9239-b09203ab97a0\", \"root\": false, \"type\": \"map\", \"cached\": false, \"source\": \"/isValid\", \"target\": \"/isValid\", \"mapNull\": false, \"disabled\": false, \"extractXml\": false, \"extractJson\": false, \"targetOrder\": 1.0, \"mapEmptyString\": false, \"sourceJavaType\": \"java.lang.Boolean\", \"targetJavaType\": \"java.lang.Boolean\"}}, {\"map\": {\"id\": \"d4ca0ef1-697b-44ec-99e2-ddb5326a64fc\", \"root\": true, \"type\": \"map\", \"cached\": false, \"source\": \"/Error\", \"target\": \"/Error\", \"mapNull\": false, \"disabled\": false, \"extractXml\": false, \"extractJson\": false, \"targetOrder\": 1.0, \"mapEmptyString\": false}}, {\"map\": {\"id\": \"75edecdd-ee85-4a75-8ad6-03a06b13eff9\", \"root\": false, \"type\": \"map\", \"cached\": false, \"source\": \"/DCR_Output/client_id\", \"target\": \"/cred-prov-flow-okta-serviceOutput/CredentialProvisioningInvokeOutput/client_id\", \"mapNull\": false, \"disabled\": false, \"extractXml\": false, \"extractJson\": false, \"targetOrder\": 3.0, \"mapEmptyString\": false, \"sourceJavaType\": \"java.lang.String\", \"targetJavaType\": \"java.lang.String\"}}, {\"map\": {\"id\": \"581f516c-0901-413d-aaf8-945bf3ded2bd\", \"root\": false, \"type\": \"map\", \"cached\": false, \"source\": \"/DCR_Output/client_secret\", \"target\": \"/cred-prov-flow-okta-serviceOutput/CredentialProvisioningInvokeOutput/client_secret\", \"mapNull\": false, \"disabled\": false, \"extractXml\": false, \"extractJson\": false, \"targetOrder\": 4.0, \"mapEmptyString\": false, \"sourceJavaType\": \"java.lang.String\", \"targetJavaType\": \"java.lang.String\"}}, {\"map\": {\"id\": \"ef0c5cf0-0f7f-4dcb-8554-3865bcce6007\", \"root\": false, \"type\": \"map\", \"cached\": false, \"source\": \"/DCR_Output/client_id_issued_at\", \"target\": \"/cred-prov-flow-okta-serviceOutput/CredentialProvisioningInvokeOutput/client_id_issued_at\", \"mapNull\": false, \"disabled\": false, \"extractXml\": false, \"extractJson\": false, \"targetOrder\": 5.0, \"mapEmptyString\": false, \"sourceJavaType\": \"java.lang.Integer\", \"targetJavaType\": \"java.lang.String\"}}, {\"map\": {\"id\": \"e1f07035-850c-499c-b26e-5eff24122894\", \"root\": false, \"type\": \"map\", \"cached\": false, \"source\": \"/DCR_Output/client_secret_expires_at\", \"target\": \"/cred-prov-flow-okta-serviceOutput/CredentialProvisioningInvokeOutput/client_secret_expires_at\", \"mapNull\": false, \"disabled\": false, \"extractXml\": false, \"extractJson\": false, \"targetOrder\": 6.0, \"mapEmptyString\": false, \"sourceJavaType\": \"java.lang.Integer\", \"targetJavaType\": \"java.lang.String\"}}]}",
    "null" : false
  },
  "component_id" : "4c7b3568-6fa9-42c6-8bba-8e9e3933d6ed",
  "service_id" : "1bafffb1-b724-4a97-9a53-45923ebbe95a",
  "endpoint_id" : null,
  "parent_component_config_id" : null,
  "component_config_order" : 3.0,
  "action_id" : "42bc8a52-bd1d-40f7-8f58-f813690561e1",
  "name" : "Parse response and set output",
  "description" : "",
  "override_endpoint" : false,
  "input_structure_json" : {
    "type" : "jsonb",
    "value" : "{\"maps\": [{\"/jsonString\": [{\"type\": \"map\", \"source\": {\"path\": \"/HTTPSPostOutput/response\", \"title\": \"response\", \"dataElementType\": \"object\"}, \"target\": {\"path\": \"/jsonString\", \"order\": 1, \"title\": \"jsonString\", \"dataElementType\": \"string\"}, \"mapCondition\": {\"isConditionSet\": false, \"sourceTreeIndex\": [], \"targetTreeIndex\": [], \"mapConditionFormValue\": {}}}]}], \"mappedNodes\": [\"/isValid\", \"/isValidpipeOut\", \"/Error\", \"/ErrorpipeOut\", \"/DCR_OutputactionOut\", \"/DCR_OutputpipeOut\", \"/HTTPSPostOutput/response pipeIn\", \"/jsonString actionIn\", \"/DCR_Output/client_id\", \"/cred-prov-flow-okta-serviceOutput/CredentialProvisioningInvokeOutput/client_idpipeOut\", \"/DCR_Output/client_secret\", \"/cred-prov-flow-okta-serviceOutput/CredentialProvisioningInvokeOutput/client_secretpipeOut\", \"/DCR_Output/client_id_issued_at\", \"/cred-prov-flow-okta-serviceOutput/CredentialProvisioningInvokeOutput/client_id_issued_atpipeOut\", \"/DCR_Output/client_secret_expires_at\", \"/cred-prov-flow-okta-serviceOutput/CredentialProvisioningInvokeOutput/client_secret_expires_atpipeOut\"]}",
    "null" : false
  },
  "output_structure_json" : {
    "type" : "jsonb",
    "value" : "{\"maps\": [{\"/DCR_Output\": [{\"type\": \"map\", \"source\": {\"path\": \"/DCR_Output\", \"title\": \"DCR_Output\", \"dataElementType\": \"document\"}, \"target\": {\"path\": \"/DCR_Output\", \"order\": 0, \"title\": \"DCR_Output\", \"dataElementType\": \"document\"}, \"mapCondition\": {\"isConditionSet\": false, \"sourceTreeIndex\": [], \"targetTreeIndex\": [], \"mapConditionFormValue\": {}}}]}, {\"/isValid\": [{\"type\": \"map\", \"source\": {\"path\": \"/isValid\", \"title\": \"isValid\", \"dataElementType\": \"boolean\"}, \"target\": {\"path\": \"/isValid\", \"order\": 1, \"title\": \"isValid\", \"dataElementType\": \"boolean\"}, \"mapCondition\": {\"isConditionSet\": false, \"sourceTreeIndex\": [], \"targetTreeIndex\": [], \"mapConditionFormValue\": {}}}]}, {\"/Error\": [{\"type\": \"map\", \"source\": {\"path\": \"/Error\", \"title\": \"Error\", \"dataElementType\": \"document\"}, \"target\": {\"path\": \"/Error\", \"order\": 1, \"title\": \"Error\", \"dataElementType\": \"document\"}, \"mapCondition\": {\"isConditionSet\": false, \"sourceTreeIndex\": [], \"targetTreeIndex\": [], \"mapConditionFormValue\": {}}}]}, {\"/cred-prov-flow-okta-serviceOutput/CredentialProvisioningInvokeOutput/client_id\": [{\"type\": \"map\", \"source\": {\"path\": \"/DCR_Output/client_id\", \"title\": \"client_id\", \"dataElementType\": \"string\"}, \"target\": {\"path\": \"/cred-prov-flow-okta-serviceOutput/CredentialProvisioningInvokeOutput/client_id\", \"order\": 3, \"title\": \"client_id\", \"dataElementType\": \"string\"}, \"mapCondition\": {\"isConditionSet\": false, \"sourceTreeIndex\": [], \"targetTreeIndex\": [], \"mapConditionFormValue\": {}}}]}, {\"/cred-prov-flow-okta-serviceOutput/CredentialProvisioningInvokeOutput/client_secret\": [{\"type\": \"map\", \"source\": {\"path\": \"/DCR_Output/client_secret\", \"title\": \"client_secret\", \"dataElementType\": \"string\"}, \"target\": {\"path\": \"/cred-prov-flow-okta-serviceOutput/CredentialProvisioningInvokeOutput/client_secret\", \"order\": 4, \"title\": \"client_secret\", \"dataElementType\": \"string\"}, \"mapCondition\": {\"isConditionSet\": false, \"sourceTreeIndex\": [], \"targetTreeIndex\": [], \"mapConditionFormValue\": {}}}]}, {\"/cred-prov-flow-okta-serviceOutput/CredentialProvisioningInvokeOutput/client_id_issued_at\": [{\"type\": \"map\", \"source\": {\"path\": \"/DCR_Output/client_id_issued_at\", \"title\": \"client_id_issued_at\", \"dataElementType\": \"integer\"}, \"target\": {\"path\": \"/cred-prov-flow-okta-serviceOutput/CredentialProvisioningInvokeOutput/client_id_issued_at\", \"order\": 5, \"title\": \"client_id_issued_at\", \"dataElementType\": \"string\"}, \"mapCondition\": {\"isConditionSet\": false, \"sourceTreeIndex\": [], \"targetTreeIndex\": [], \"mapConditionFormValue\": {}}}]}, {\"/cred-prov-flow-okta-serviceOutput/CredentialProvisioningInvokeOutput/client_secret_expires_at\": [{\"type\": \"map\", \"source\": {\"path\": \"/DCR_Output/client_secret_expires_at\", \"title\": \"client_secret_expires_at\", \"dataElementType\": \"integer\"}, \"target\": {\"path\": \"/cred-prov-flow-okta-serviceOutput/CredentialProvisioningInvokeOutput/client_secret_expires_at\", \"order\": 6, \"title\": \"client_secret_expires_at\", \"dataElementType\": \"string\"}, \"mapCondition\": {\"isConditionSet\": false, \"sourceTreeIndex\": [], \"targetTreeIndex\": [], \"mapConditionFormValue\": {}}}]}], \"tracks\": {}, \"transformer\": []}",
    "null" : false
  },
  "endpoint_structure_json" : {
    "type" : "jsonb",
    "value" : "{\"maps\": []}",
    "null" : false
  },
  "is_error" : false,
  "no_of_errors" : 0,
  "action_input_type" : null,
  "config_service_id" : null,
  "config_imap_id" : null,
  "config_b2b_document_type_id" : "2495f1a3-586b-426c-bcd2-2872bae5e1ae",
  "config_document_id" : null,
  "add_variables" : {
    "type" : "jsonb",
    "value" : "[]",
    "null" : false
  },
  "drop_variables" : {
    "type" : "jsonb",
    "value" : "[]",
    "null" : false
  },
  "plug_input_structure" : null,
  "plug_output_structure" : null,
  "config_plug_id" : null,
  "override_plug" : false,
  "config_java_service_id" : null,
  "service_tag" : "V2",
  "endpoint_tag" : null,
  "config_service_tag" : "",
  "config_imap_tag" : "",
  "config_b2b_document_type_tag" : "EMPTY",
  "active" : false,
  "parent_component_config_service_tag" : "V2",
  "service_project_id" : "9040e60e-dc5d-484f-8f8c-c50774cf5875",
  "service_project_tag" : "V2",
  "config_service_project_id" : null,
  "config_service_project_tag" : "",
  "config_imap_project_id" : null,
  "config_imap_project_tag" : "",
  "config_b2b_document_type_project_id" : "9040e60e-dc5d-484f-8f8c-c50774cf5875",
  "config_b2b_document_type_project_tag" : "EMPTY",
  "endpoint_project_id" : null,
  "endpoint_project_tag" : null,
  "config_plug_tag" : null,
  "config_plug_project_id" : null,
  "config_plug_project_tag" : null,
  "config_java_service_tag" : "",
  "config_java_service_project_id" : null,
  "config_java_service_project_tag" : "",
  "disabled" : false,
  "config" : null,
  "config_b2b_document_type_project_mode_id" : "112c1cb8-4b9e-4d1a-a042-0bd031dc7d05",
  "config_imap_project_mode_id" : "112c1cb8-4b9e-4d1a-a042-0bd031dc7d05",
  "config_java_service_project_mode_id" : "112c1cb8-4b9e-4d1a-a042-0bd031dc7d05",
  "config_plug_project_mode_id" : "112c1cb8-4b9e-4d1a-a042-0bd031dc7d05",
  "config_service_project_mode_id" : "112c1cb8-4b9e-4d1a-a042-0bd031dc7d05",
  "endpoint_project_mode_id" : "112c1cb8-4b9e-4d1a-a042-0bd031dc7d05",
  "service_project_mode_id" : "112c1cb8-4b9e-4d1a-a042-0bd031dc7d05",
  "parent_component_config_service_project_mode_id" : "112c1cb8-4b9e-4d1a-a042-0bd031dc7d05",
  "is_audit" : true,
  "keys_with_order" : null
}