{
  "id" : "17f2f106-2578-4913-8adf-2880cc6ec4c9",
  "name" : "Okta API",
  "description" : null,
  "connection_config" : "{\"112c1cb8-4b9e-4d1a-a042-0bd031dc7d05\":{\"HTTPSEndpoint\":{\"id\":null,\"name\":\"Okta\",\"retry\":{\"count\":3,\"afterMs\":100},\"active\":true,\"client\":{\"id\":null},\"details\":{\"url\":\"{{YOUR OKTA BASE URL}}.okta.com/oauth2/v1\",\"port\":0,\"httpVersion\":\"HTTP_2\",\"acceptedTLSVersions\":null,\"sslPublicCertificate\":{\"certificate\":null}},\"partners\":[{}],\"protocol\":\"HTTPS\",\"direction\":\"OUTGOING\",\"description\":\"Okta\",\"certificateId\":null,\"authentication\":{\"mTLS\":{\"type\":null,\"alias\":null,\"certificateId\":null,\"connection_id\":null},\"type\":\"API_KEY\",\"user\":null,\"token\":null,\"scopes\":null,\"headers\":[{\"header_key\":\"accept\",\"header_value\":\"application/json\"},{\"header_key\":\"content-type\",\"header_value\":\"application/json\"}],\"password\":null,\"resource\":null,\"client_id\":null,\"token_url\":null,\"access_key\":null,\"aws_region\":null,\"grant_type\":null,\"privateKey\":null,\"proxy_host\":null,\"proxy_port\":null,\"secret_key\":null,\"token_type\":null,\"certificate\":null,\"cookie_name\":null,\"http_method\":null,\"absolute_url\":null,\"api_key_name\":\"authorization\",\"content_type\":null,\"jwtAssertion\":{\"oauth\":{\"type\":null,\"alias\":null,\"connection_id\":null},\"claims\":[],\"jwtHeaders\":[],\"signingCertificateId\":null},\"service_name\":null,\"api_key_value\":\"SSWS {{YOUR OKTA API KEY}}\",\"authorize_url\":null,\"client_secret\":null,\"proxy_enabled\":\"None\",\"session_token\":null,\"proxy_password\":null,\"proxy_protocol\":null,\"proxy_username\":null,\"responseTimeout\":120000,\"api_key_location\":\"header\",\"safe_resource_path\":\"/keys\",\"optional_parameters\":[],\"privateKeyPassphrase\":null,\"proxy_authentication\":null,\"aws_signature_location\":null,\"usePersistentConnections\":true,\"authorization_header_name\":null,\"authorization_header_prefix\":null,\"client_credentials_location\":null},\"sslPublickeyId\":null,\"isSSLCertificate\":true,\"connectionTimeoutInMS\":120000}},\"81e359da-9454-40ba-b968-1273a3b8e37b\":{\"HTTPSEndpoint\":{\"id\":null,\"name\":\"Okta\",\"retry\":{\"count\":3,\"afterMs\":100},\"active\":true,\"client\":{\"id\":null},\"details\":{\"url\":null,\"port\":0,\"httpVersion\":\"HTTP_2\",\"acceptedTLSVersions\":null,\"sslPublicCertificate\":{\"certificate\":null}},\"partners\":[{}],\"protocol\":null,\"direction\":\"OUTGOING\",\"description\":\"Okta\",\"certificateId\":null,\"authentication\":{\"mTLS\":{\"type\":null,\"alias\":null,\"certificateId\":null,\"connection_id\":null},\"type\":\"NONE\",\"user\":null,\"token\":null,\"scopes\":null,\"headers\":[],\"password\":null,\"resource\":null,\"client_id\":null,\"token_url\":null,\"access_key\":null,\"aws_region\":null,\"grant_type\":null,\"privateKey\":null,\"proxy_host\":null,\"proxy_port\":null,\"secret_key\":null,\"token_type\":null,\"certificate\":null,\"cookie_name\":null,\"http_method\":null,\"absolute_url\":null,\"api_key_name\":null,\"content_type\":null,\"jwtAssertion\":{\"oauth\":{\"type\":null,\"alias\":null,\"connection_id\":null},\"claims\":[],\"jwtHeaders\":[],\"signingCertificateId\":null},\"service_name\":null,\"api_key_value\":null,\"authorize_url\":null,\"client_secret\":null,\"proxy_enabled\":\"None\",\"session_token\":null,\"proxy_password\":null,\"proxy_protocol\":null,\"proxy_username\":null,\"responseTimeout\":120000,\"api_key_location\":null,\"safe_resource_path\":null,\"optional_parameters\":[],\"privateKeyPassphrase\":null,\"proxy_authentication\":null,\"aws_signature_location\":null,\"usePersistentConnections\":true,\"authorization_header_name\":null,\"authorization_header_prefix\":null,\"client_credentials_location\":null},\"sslPublickeyId\":null,\"isSSLCertificate\":false,\"connectionTimeoutInMS\":120000}},\"bdf2e4f5-a195-40b5-a82a-1d76ab30e077\":{\"HTTPSEndpoint\":{\"id\":null,\"name\":\"Okta\",\"retry\":{\"count\":3,\"afterMs\":100},\"active\":true,\"client\":{\"id\":null},\"details\":{\"url\":null,\"port\":0,\"httpVersion\":\"HTTP_2\",\"acceptedTLSVersions\":null,\"sslPublicCertificate\":{\"certificate\":null}},\"partners\":[{}],\"protocol\":null,\"direction\":\"OUTGOING\",\"description\":\"Okta\",\"certificateId\":null,\"authentication\":{\"mTLS\":{\"type\":null,\"alias\":null,\"certificateId\":null,\"connection_id\":null},\"type\":\"NONE\",\"user\":null,\"token\":null,\"scopes\":null,\"headers\":[],\"password\":null,\"resource\":null,\"client_id\":null,\"token_url\":null,\"access_key\":null,\"aws_region\":null,\"grant_type\":null,\"privateKey\":null,\"proxy_host\":null,\"proxy_port\":null,\"secret_key\":null,\"token_type\":null,\"certificate\":null,\"cookie_name\":null,\"http_method\":null,\"absolute_url\":null,\"api_key_name\":null,\"content_type\":null,\"jwtAssertion\":{\"oauth\":{\"type\":null,\"alias\":null,\"connection_id\":null},\"claims\":[],\"jwtHeaders\":[],\"signingCertificateId\":null},\"service_name\":null,\"api_key_value\":null,\"authorize_url\":null,\"client_secret\":null,\"proxy_enabled\":\"None\",\"session_token\":null,\"proxy_password\":null,\"proxy_protocol\":null,\"proxy_username\":null,\"responseTimeout\":120000,\"api_key_location\":null,\"safe_resource_path\":null,\"optional_parameters\":[],\"privateKeyPassphrase\":null,\"proxy_authentication\":null,\"aws_signature_location\":null,\"usePersistentConnections\":true,\"authorization_header_name\":null,\"authorization_header_prefix\":null,\"client_credentials_location\":null},\"sslPublickeyId\":null,\"isSSLCertificate\":false,\"connectionTimeoutInMS\":120000}}}",
  "endpoint_type_id" : "de4f95fa-d30d-4d50-998c-dd3d1293e83c",
  "enabled" : true,
  "bean_name" : "HTTPSClient-63975952-ef95-460a-aea4-1399ed576d66",
  "status" : {
    "type" : "jsonb",
    "value" : "{\"112c1cb8-4b9e-4d1a-a042-0bd031dc7d05\": true, \"81e359da-9454-40ba-b968-1273a3b8e37b\": true, \"bdf2e4f5-a195-40b5-a82a-1d76ab30e077\": true}",
    "null" : false
  },
  "auth_token_config" : {
    "type" : "jsonb",
    "value" : "{}",
    "null" : false
  },
  "avatar_id" : null,
  "tag" : "V1",
  "active" : false,
  "is_changed" : true,
  "comment" : "MVP",
  "is_error" : false,
  "base_tag" : "EMPTY"
}