{
  "id" : "1bafffb1-b724-4a97-9a53-45923ebbe95a",
  "name" : "cred-prov-flow-okta-service",
  "description" : null,
  "iserror" : false,
  "no_of_errors" : 0,
  "service_input" : {
    "type" : "jsonb",
    "value" : "[{\"id\": \"587b10ed-b47d-42a7-ac5f-70725f79efb9\", \"key\": \"/cred-prov-flow-okta-serviceInput\", \"type\": \"object\", \"order\": 1, \"title\": \"cred-prov-flow-okta-serviceInput\", \"value\": {\"type\": \"object\"}, \"isLeaf\": false, \"children\": [{\"id\": \"73beb0a6-fda1-4469-91f3-cfb0cad43600\", \"key\": \"/cred-prov-flow-okta-serviceInput/CredentialProvisioningInvokeInput\", \"edit\": false, \"type\": \"node\", \"order\": 1, \"title\": \"CredentialProvisioningInvokeInput\", \"value\": {\"type\": \"object\"}, \"children\": [{\"key\": \"/cred-prov-flow-okta-serviceInput/CredentialProvisioningInvokeInput/tokenAuthMethod\", \"type\": \"string\", \"order\": 2, \"title\": \"tokenAuthMethod\", \"value\": {\"type\": \"string\", \"_enum\": [\"client_secret_basic\", \"client_secret_post\", \"client_secret_jwt\", \"private_key_jwt\", \"tls_client_auth\", \"self_signed_tls_client_auth\"], \"requiredFlag\": false}, \"isLeaf\": true, \"childrenSet\": false, \"hasChildren\": false, \"dataElementType\": \"string\", \"encryption_required\": false}, {\"key\": \"/cred-prov-flow-okta-serviceInput/CredentialProvisioningInvokeInput/grant_types[]\", \"type\": \"array\", \"order\": 3, \"title\": \"grant_types\", \"value\": {\"type\": \"array\", \"_enum\": [\"client_credentials\", \"authorization_code\", \"password\"], \"requiredFlag\": false}, \"isLeaf\": false, \"childrenSet\": false, \"hasChildren\": false, \"dataElementType\": \"stringArray\", \"encryption_required\": false}, {\"key\": \"/cred-prov-flow-okta-serviceInput/CredentialProvisioningInvokeInput/redirect_uris[]\", \"type\": \"array\", \"order\": 4, \"title\": \"redirect_uris\", \"value\": {\"type\": \"array\", \"requiredFlag\": false}, \"isLeaf\": false, \"childrenSet\": false, \"hasChildren\": false, \"dataElementType\": \"stringArray\", \"encryption_required\": false}, {\"key\": \"/cred-prov-flow-okta-serviceInput/CredentialProvisioningInvokeInput/response_types[]\", \"type\": \"array\", \"order\": 5, \"title\": \"response_types\", \"value\": {\"type\": \"array\", \"requiredFlag\": false}, \"isLeaf\": false, \"childrenSet\": false, \"hasChildren\": false, \"dataElementType\": \"stringArray\", \"encryption_required\": false}, {\"key\": \"/cred-prov-flow-okta-serviceInput/CredentialProvisioningInvokeInput/jwks\", \"type\": \"string\", \"order\": 6, \"title\": \"jwks\", \"value\": {\"type\": \"string\", \"requiredFlag\": false}, \"isLeaf\": true, \"childrenSet\": false, \"hasChildren\": false, \"dataElementType\": \"string\", \"encryption_required\": false}, {\"key\": \"/cred-prov-flow-okta-serviceInput/CredentialProvisioningInvokeInput/jwks_uri\", \"type\": \"string\", \"order\": 7, \"title\": \"jwks_uri\", \"value\": {\"type\": \"string\", \"requiredFlag\": false}, \"isLeaf\": true, \"childrenSet\": false, \"hasChildren\": false, \"dataElementType\": \"string\", \"encryption_required\": false}, {\"key\": \"/cred-prov-flow-okta-serviceInput/CredentialProvisioningInvokeInput/client_name\", \"type\": \"string\", \"order\": 8, \"title\": \"client_name\", \"value\": {\"type\": \"string\", \"requiredFlag\": false}, \"isLeaf\": true, \"childrenSet\": false, \"hasChildren\": false, \"dataElementType\": \"string\", \"encryption_required\": false}, {\"key\": \"/cred-prov-flow-okta-serviceInput/CredentialProvisioningInvokeInput/client_uri\", \"type\": \"string\", \"order\": 9, \"title\": \"client_uri\", \"value\": {\"type\": \"string\", \"requiredFlag\": false}, \"isLeaf\": true, \"childrenSet\": false, \"hasChildren\": false, \"dataElementType\": \"string\", \"encryption_required\": false}, {\"key\": \"/cred-prov-flow-okta-serviceInput/CredentialProvisioningInvokeInput/logo_uri\", \"type\": \"string\", \"order\": 10, \"title\": \"logo_uri\", \"value\": {\"type\": \"string\", \"requiredFlag\": false}, \"isLeaf\": true, \"childrenSet\": false, \"hasChildren\": false, \"dataElementType\": \"string\", \"encryption_required\": false}, {\"key\": \"/cred-prov-flow-okta-serviceInput/CredentialProvisioningInvokeInput/scope[]\", \"type\": \"array\", \"order\": 11, \"title\": \"scope\", \"value\": {\"type\": \"array\", \"requiredFlag\": false}, \"isLeaf\": false, \"childrenSet\": false, \"hasChildren\": false, \"dataElementType\": \"stringArray\", \"encryption_required\": false}, {\"key\": \"/cred-prov-flow-okta-serviceInput/CredentialProvisioningInvokeInput/contacts\", \"type\": \"string\", \"order\": 12, \"title\": \"contacts\", \"value\": {\"type\": \"string\", \"requiredFlag\": false}, \"isLeaf\": true, \"childrenSet\": false, \"hasChildren\": false, \"dataElementType\": \"string\", \"encryption_required\": false}, {\"key\": \"/cred-prov-flow-okta-serviceInput/CredentialProvisioningInvokeInput/tos_uri\", \"type\": \"string\", \"order\": 13, \"title\": \"tos_uri\", \"value\": {\"type\": \"string\", \"requiredFlag\": false}, \"isLeaf\": true, \"childrenSet\": false, \"hasChildren\": false, \"dataElementType\": \"string\", \"encryption_required\": false}, {\"key\": \"/cred-prov-flow-okta-serviceInput/CredentialProvisioningInvokeInput/policy_uri\", \"type\": \"string\", \"order\": 14, \"title\": \"policy_uri\", \"value\": {\"type\": \"string\", \"requiredFlag\": false}, \"isLeaf\": true, \"childrenSet\": false, \"hasChildren\": false, \"dataElementType\": \"string\", \"encryption_required\": false}, {\"key\": \"/cred-prov-flow-okta-serviceInput/CredentialProvisioningInvokeInput/software_id\", \"type\": \"string\", \"order\": 15, \"title\": \"software_id\", \"value\": {\"type\": \"string\", \"requiredFlag\": false}, \"isLeaf\": true, \"childrenSet\": false, \"hasChildren\": false, \"dataElementType\": \"string\", \"encryption_required\": false}, {\"key\": \"/cred-prov-flow-okta-serviceInput/CredentialProvisioningInvokeInput/software_version\", \"type\": \"string\", \"order\": 16, \"title\": \"software_version\", \"value\": {\"type\": \"string\", \"requiredFlag\": false}, \"isLeaf\": true, \"childrenSet\": false, \"hasChildren\": false, \"dataElementType\": \"string\", \"encryption_required\": false}, {\"key\": \"/cred-prov-flow-okta-serviceInput/CredentialProvisioningInvokeInput/other\", \"type\": \"string\", \"order\": 17, \"title\": \"other\", \"value\": {\"type\": \"string\", \"requiredFlag\": false}, \"isLeaf\": true, \"childrenSet\": false, \"hasChildren\": false, \"dataElementType\": \"string\", \"encryption_required\": false}, {\"key\": \"/cred-prov-flow-okta-serviceInput/CredentialProvisioningInvokeInput/public_key\", \"type\": \"string\", \"order\": 18, \"title\": \"public_key\", \"value\": {\"type\": \"string\", \"requiredFlag\": false}, \"isLeaf\": false, \"childrenSet\": false, \"hasChildren\": false, \"dataElementType\": \"string\", \"encryption_required\": false}, {\"key\": \"/cred-prov-flow-okta-serviceInput/CredentialProvisioningInvokeInput/public_key_jwks_uri\", \"type\": \"string\", \"order\": 19, \"title\": \"public_key_jwks_uri\", \"value\": {\"type\": \"string\", \"requiredFlag\": false}, \"isLeaf\": false, \"childrenSet\": false, \"hasChildren\": false, \"dataElementType\": \"string\", \"encryption_required\": false}, {\"key\": \"/cred-prov-flow-okta-serviceInput/CredentialProvisioningInvokeInput/certificate\", \"type\": \"string\", \"order\": 20, \"title\": \"certificate\", \"value\": {\"type\": \"string\", \"requiredFlag\": false}, \"isLeaf\": true, \"childrenSet\": false, \"hasChildren\": false, \"dataElementType\": \"string\", \"encryption_required\": false}, {\"key\": \"/cred-prov-flow-okta-serviceInput/CredentialProvisioningInvokeInput/certificateMetadata\", \"type\": \"string\", \"order\": 21, \"title\": \"certificateMetadata\", \"value\": {\"type\": \"string\", \"_enum\": [\"tls_client_auth_subject_dn\", \"tls_client_auth_san_dns\", \"tls_client_auth_san_email\", \"tls_client_auth_san_ip\", \"tls_client_auth_san_uri\"], \"requiredFlag\": false}, \"isLeaf\": true, \"childrenSet\": false, \"hasChildren\": false, \"dataElementType\": \"string\", \"encryption_required\": false}, {\"key\": \"/cred-prov-flow-okta-serviceInput/CredentialProvisioningInvokeInput/tlsClientAuthSanIP\", \"type\": \"string\", \"order\": 22, \"title\": \"tlsClientAuthSanIP\", \"value\": {\"type\": \"string\", \"requiredFlag\": false}, \"isLeaf\": false, \"childrenSet\": false, \"hasChildren\": false, \"dataElementType\": \"string\", \"encryption_required\": false}, {\"key\": \"/cred-prov-flow-okta-serviceInput/CredentialProvisioningInvokeInput/tlsClientAuthSanEmail\", \"type\": \"string\", \"order\": 23, \"title\": \"tlsClientAuthSanEmail\", \"value\": {\"type\": \"string\", \"requiredFlag\": false}, \"isLeaf\": true, \"childrenSet\": false, \"hasChildren\": false, \"dataElementType\": \"string\", \"encryption_required\": false}, {\"key\": \"/cred-prov-flow-okta-serviceInput/CredentialProvisioningInvokeInput/tlsClientAuthSanDNS\", \"type\": \"string\", \"order\": 24, \"title\": \"tlsClientAuthSanDNS\", \"value\": {\"type\": \"string\", \"requiredFlag\": false}, \"isLeaf\": false, \"childrenSet\": false, \"hasChildren\": false, \"dataElementType\": \"string\", \"encryption_required\": false}, {\"key\": \"/cred-prov-flow-okta-serviceInput/CredentialProvisioningInvokeInput/tlsClientAuthSanUri\", \"type\": \"string\", \"order\": 25, \"title\": \"tlsClientAuthSanUri\", \"value\": {\"type\": \"string\", \"requiredFlag\": false}, \"isLeaf\": false, \"childrenSet\": false, \"hasChildren\": false, \"dataElementType\": \"string\", \"encryption_required\": false}], \"editAllow\": true, \"dataElementType\": \"document\"}, {\"id\": \"fcf70f42-d7ec-4efa-ae1b-11f9538d7b76\", \"key\": \"/cred-prov-flow-okta-serviceInput/shouldThrowExceptionOnError\", \"edit\": false, \"type\": \"node\", \"order\": 1, \"title\": \"shouldThrowExceptionOnError\", \"value\": {\"type\": \"boolean\"}, \"children\": [], \"editAllow\": true, \"dataElementType\": \"boolean\"}], \"childrenSet\": false, \"hasChildren\": false, \"dataElementType\": \"document\", \"documentReference\": [], \"encryption_required\": false}]",
    "null" : false
  },
  "service_output" : {
    "type" : "jsonb",
    "value" : "[{\"id\": \"96ac8353-5fcf-4157-b287-0e7ca6d2cdeb\", \"key\": \"/cred-prov-flow-okta-serviceOutput\", \"type\": \"object\", \"order\": 1, \"title\": \"cred-prov-flow-okta-serviceOutput\", \"value\": {\"type\": \"object\"}, \"isLeaf\": false, \"children\": [{\"id\": \"c32a4605-549b-4167-a5d5-0c3d7de7c77c\", \"key\": \"/cred-prov-flow-okta-serviceOutput/CredentialProvisioningInvokeOutput\", \"edit\": false, \"type\": \"node\", \"order\": 1, \"title\": \"CredentialProvisioningInvokeOutput\", \"value\": {\"type\": \"object\"}, \"children\": [{\"key\": \"/cred-prov-flow-okta-serviceOutput/CredentialProvisioningInvokeOutput/client_id\", \"type\": \"string\", \"order\": 3, \"title\": \"client_id\", \"value\": {\"type\": \"string\", \"requiredFlag\": true}, \"isLeaf\": true, \"children\": [], \"childrenSet\": false, \"hasChildren\": false, \"dataElementType\": \"string\", \"encryption_required\": false}, {\"key\": \"/cred-prov-flow-okta-serviceOutput/CredentialProvisioningInvokeOutput/client_secret\", \"type\": \"string\", \"order\": 4, \"title\": \"client_secret\", \"value\": {\"type\": \"string\"}, \"isLeaf\": true, \"children\": [], \"childrenSet\": false, \"hasChildren\": false, \"dataElementType\": \"string\", \"encryption_required\": false}, {\"key\": \"/cred-prov-flow-okta-serviceOutput/CredentialProvisioningInvokeOutput/client_id_issued_at\", \"type\": \"string\", \"order\": 5, \"title\": \"client_id_issued_at\", \"value\": {\"type\": \"string\"}, \"isLeaf\": true, \"children\": [], \"childrenSet\": false, \"hasChildren\": false, \"dataElementType\": \"string\", \"encryption_required\": false}, {\"key\": \"/cred-prov-flow-okta-serviceOutput/CredentialProvisioningInvokeOutput/client_secret_expires_at\", \"type\": \"string\", \"order\": 6, \"title\": \"client_secret_expires_at\", \"value\": {\"type\": \"string\", \"requiredFlag\": true}, \"isLeaf\": true, \"children\": [], \"childrenSet\": false, \"hasChildren\": false, \"dataElementType\": \"string\", \"encryption_required\": false}], \"editAllow\": true, \"dataElementType\": \"document\"}], \"childrenSet\": false, \"hasChildren\": false, \"dataElementType\": \"document\", \"documentReference\": [], \"encryption_required\": false}]",
    "null" : false
  },
  "service_input_json_schema" : {
    "type" : "jsonb",
    "value" : "{\"required\": [], \"properties\": {\"cred-prov-flow-okta-serviceInput\": {\"type\": \"object\", \"required\": [], \"properties\": {\"shouldThrowExceptionOnError\": {\"type\": \"boolean\"}, \"CredentialProvisioningInvokeInput\": {\"type\": \"object\"}}, \"additionalProperties\": false}}, \"additionalProperties\": false}",
    "null" : false
  },
  "service_output_json_schema" : {
    "type" : "jsonb",
    "value" : "{\"required\": [], \"properties\": {\"cred-prov-flow-okta-serviceOutput\": {\"type\": \"object\", \"required\": [], \"properties\": {\"CredentialProvisioningInvokeOutput\": {\"type\": \"object\"}}, \"additionalProperties\": false}}, \"additionalProperties\": false}",
    "null" : false
  },
  "type" : "SERVICE",
  "error_handler" : false,
  "tag" : "V1",
  "active" : false,
  "is_changed" : true,
  "comment" : "MVP",
  "base_tag" : "EMPTY",
  "test_input" : {
    "type" : "jsonb",
    "value" : "{}",
    "null" : false
  },
  "test_input_structure" : {
    "type" : "jsonb",
    "value" : "[{\"id\": \"587b10ed-b47d-42a7-ac5f-70725f79efb9\", \"key\": \"/cred-prov-flow-okta-serviceInput\", \"type\": \"object\", \"order\": 1, \"title\": \"cred-prov-flow-okta-serviceInput\", \"value\": {\"type\": \"object\"}, \"isLeaf\": false, \"children\": [{\"id\": \"73beb0a6-fda1-4469-91f3-cfb0cad43600\", \"key\": \"/cred-prov-flow-okta-serviceInput/CredentialProvisioningInvokeInput\", \"edit\": false, \"type\": \"node\", \"order\": 1, \"title\": \"CredentialProvisioningInvokeInput\", \"value\": {\"type\": \"object\"}, \"children\": [{\"key\": \"/cred-prov-flow-okta-serviceInput/CredentialProvisioningInvokeInput/tokenAuthMethod\", \"type\": \"string\", \"order\": 2, \"title\": \"tokenAuthMethod\", \"value\": {\"type\": \"string\", \"_enum\": [\"client_secret_basic\", \"client_secret_post\", \"client_secret_jwt\", \"private_key_jwt\", \"tls_client_auth\", \"self_signed_tls_client_auth\"], \"requiredFlag\": false}, \"isLeaf\": true, \"childrenSet\": false, \"hasChildren\": false, \"dataElementType\": \"string\", \"encryption_required\": false}, {\"key\": \"/cred-prov-flow-okta-serviceInput/CredentialProvisioningInvokeInput/grant_types[]\", \"type\": \"array\", \"order\": 3, \"title\": \"grant_types\", \"value\": {\"type\": \"array\", \"_enum\": [\"client_credentials\", \"authorization_code\", \"password\"], \"requiredFlag\": false}, \"isLeaf\": false, \"childrenSet\": false, \"hasChildren\": false, \"dataElementType\": \"stringArray\", \"encryption_required\": false}, {\"key\": \"/cred-prov-flow-okta-serviceInput/CredentialProvisioningInvokeInput/redirect_uris[]\", \"type\": \"array\", \"order\": 4, \"title\": \"redirect_uris\", \"value\": {\"type\": \"array\", \"requiredFlag\": false}, \"isLeaf\": false, \"childrenSet\": false, \"hasChildren\": false, \"dataElementType\": \"stringArray\", \"encryption_required\": false}, {\"key\": \"/cred-prov-flow-okta-serviceInput/CredentialProvisioningInvokeInput/response_types[]\", \"type\": \"array\", \"order\": 5, \"title\": \"response_types\", \"value\": {\"type\": \"array\", \"requiredFlag\": false}, \"isLeaf\": false, \"childrenSet\": false, \"hasChildren\": false, \"dataElementType\": \"stringArray\", \"encryption_required\": false}, {\"key\": \"/cred-prov-flow-okta-serviceInput/CredentialProvisioningInvokeInput/jwks\", \"type\": \"string\", \"order\": 6, \"title\": \"jwks\", \"value\": {\"type\": \"string\", \"requiredFlag\": false}, \"isLeaf\": true, \"childrenSet\": false, \"hasChildren\": false, \"dataElementType\": \"string\", \"encryption_required\": false}, {\"key\": \"/cred-prov-flow-okta-serviceInput/CredentialProvisioningInvokeInput/jwks_uri\", \"type\": \"string\", \"order\": 7, \"title\": \"jwks_uri\", \"value\": {\"type\": \"string\", \"requiredFlag\": false}, \"isLeaf\": true, \"childrenSet\": false, \"hasChildren\": false, \"dataElementType\": \"string\", \"encryption_required\": false}, {\"key\": \"/cred-prov-flow-okta-serviceInput/CredentialProvisioningInvokeInput/client_name\", \"type\": \"string\", \"order\": 8, \"title\": \"client_name\", \"value\": {\"type\": \"string\", \"requiredFlag\": false}, \"isLeaf\": true, \"childrenSet\": false, \"hasChildren\": false, \"dataElementType\": \"string\", \"encryption_required\": false}, {\"key\": \"/cred-prov-flow-okta-serviceInput/CredentialProvisioningInvokeInput/client_uri\", \"type\": \"string\", \"order\": 9, \"title\": \"client_uri\", \"value\": {\"type\": \"string\", \"requiredFlag\": false}, \"isLeaf\": true, \"childrenSet\": false, \"hasChildren\": false, \"dataElementType\": \"string\", \"encryption_required\": false}, {\"key\": \"/cred-prov-flow-okta-serviceInput/CredentialProvisioningInvokeInput/logo_uri\", \"type\": \"string\", \"order\": 10, \"title\": \"logo_uri\", \"value\": {\"type\": \"string\", \"requiredFlag\": false}, \"isLeaf\": true, \"childrenSet\": false, \"hasChildren\": false, \"dataElementType\": \"string\", \"encryption_required\": false}, {\"key\": \"/cred-prov-flow-okta-serviceInput/CredentialProvisioningInvokeInput/scope[]\", \"type\": \"array\", \"order\": 11, \"title\": \"scope\", \"value\": {\"type\": \"array\", \"requiredFlag\": false}, \"isLeaf\": false, \"childrenSet\": false, \"hasChildren\": false, \"dataElementType\": \"stringArray\", \"encryption_required\": false}, {\"key\": \"/cred-prov-flow-okta-serviceInput/CredentialProvisioningInvokeInput/contacts\", \"type\": \"string\", \"order\": 12, \"title\": \"contacts\", \"value\": {\"type\": \"string\", \"requiredFlag\": false}, \"isLeaf\": true, \"childrenSet\": false, \"hasChildren\": false, \"dataElementType\": \"string\", \"encryption_required\": false}, {\"key\": \"/cred-prov-flow-okta-serviceInput/CredentialProvisioningInvokeInput/tos_uri\", \"type\": \"string\", \"order\": 13, \"title\": \"tos_uri\", \"value\": {\"type\": \"string\", \"requiredFlag\": false}, \"isLeaf\": true, \"childrenSet\": false, \"hasChildren\": false, \"dataElementType\": \"string\", \"encryption_required\": false}, {\"key\": \"/cred-prov-flow-okta-serviceInput/CredentialProvisioningInvokeInput/policy_uri\", \"type\": \"string\", \"order\": 14, \"title\": \"policy_uri\", \"value\": {\"type\": \"string\", \"requiredFlag\": false}, \"isLeaf\": true, \"childrenSet\": false, \"hasChildren\": false, \"dataElementType\": \"string\", \"encryption_required\": false}, {\"key\": \"/cred-prov-flow-okta-serviceInput/CredentialProvisioningInvokeInput/software_id\", \"type\": \"string\", \"order\": 15, \"title\": \"software_id\", \"value\": {\"type\": \"string\", \"requiredFlag\": false}, \"isLeaf\": true, \"childrenSet\": false, \"hasChildren\": false, \"dataElementType\": \"string\", \"encryption_required\": false}, {\"key\": \"/cred-prov-flow-okta-serviceInput/CredentialProvisioningInvokeInput/software_version\", \"type\": \"string\", \"order\": 16, \"title\": \"software_version\", \"value\": {\"type\": \"string\", \"requiredFlag\": false}, \"isLeaf\": true, \"childrenSet\": false, \"hasChildren\": false, \"dataElementType\": \"string\", \"encryption_required\": false}, {\"key\": \"/cred-prov-flow-okta-serviceInput/CredentialProvisioningInvokeInput/other\", \"type\": \"string\", \"order\": 17, \"title\": \"other\", \"value\": {\"type\": \"string\", \"requiredFlag\": false}, \"isLeaf\": true, \"childrenSet\": false, \"hasChildren\": false, \"dataElementType\": \"string\", \"encryption_required\": false}, {\"key\": \"/cred-prov-flow-okta-serviceInput/CredentialProvisioningInvokeInput/public_key\", \"type\": \"string\", \"order\": 18, \"title\": \"public_key\", \"value\": {\"type\": \"string\", \"requiredFlag\": false}, \"isLeaf\": false, \"childrenSet\": false, \"hasChildren\": false, \"dataElementType\": \"string\", \"encryption_required\": false}, {\"key\": \"/cred-prov-flow-okta-serviceInput/CredentialProvisioningInvokeInput/public_key_jwks_uri\", \"type\": \"string\", \"order\": 19, \"title\": \"public_key_jwks_uri\", \"value\": {\"type\": \"string\", \"requiredFlag\": false}, \"isLeaf\": false, \"childrenSet\": false, \"hasChildren\": false, \"dataElementType\": \"string\", \"encryption_required\": false}, {\"key\": \"/cred-prov-flow-okta-serviceInput/CredentialProvisioningInvokeInput/certificate\", \"type\": \"string\", \"order\": 20, \"title\": \"certificate\", \"value\": {\"type\": \"string\", \"requiredFlag\": false}, \"isLeaf\": true, \"childrenSet\": false, \"hasChildren\": false, \"dataElementType\": \"string\", \"encryption_required\": false}, {\"key\": \"/cred-prov-flow-okta-serviceInput/CredentialProvisioningInvokeInput/certificateMetadata\", \"type\": \"string\", \"order\": 21, \"title\": \"certificateMetadata\", \"value\": {\"type\": \"string\", \"_enum\": [\"tls_client_auth_subject_dn\", \"tls_client_auth_san_dns\", \"tls_client_auth_san_email\", \"tls_client_auth_san_ip\", \"tls_client_auth_san_uri\"], \"requiredFlag\": false}, \"isLeaf\": true, \"childrenSet\": false, \"hasChildren\": false, \"dataElementType\": \"string\", \"encryption_required\": false}, {\"key\": \"/cred-prov-flow-okta-serviceInput/CredentialProvisioningInvokeInput/tlsClientAuthSanIP\", \"type\": \"string\", \"order\": 22, \"title\": \"tlsClientAuthSanIP\", \"value\": {\"type\": \"string\", \"requiredFlag\": false}, \"isLeaf\": false, \"childrenSet\": false, \"hasChildren\": false, \"dataElementType\": \"string\", \"encryption_required\": false}, {\"key\": \"/cred-prov-flow-okta-serviceInput/CredentialProvisioningInvokeInput/tlsClientAuthSanEmail\", \"type\": \"string\", \"order\": 23, \"title\": \"tlsClientAuthSanEmail\", \"value\": {\"type\": \"string\", \"requiredFlag\": false}, \"isLeaf\": true, \"childrenSet\": false, \"hasChildren\": false, \"dataElementType\": \"string\", \"encryption_required\": false}, {\"key\": \"/cred-prov-flow-okta-serviceInput/CredentialProvisioningInvokeInput/tlsClientAuthSanDNS\", \"type\": \"string\", \"order\": 24, \"title\": \"tlsClientAuthSanDNS\", \"value\": {\"type\": \"string\", \"requiredFlag\": false}, \"isLeaf\": false, \"childrenSet\": false, \"hasChildren\": false, \"dataElementType\": \"string\", \"encryption_required\": false}, {\"key\": \"/cred-prov-flow-okta-serviceInput/CredentialProvisioningInvokeInput/tlsClientAuthSanUri\", \"type\": \"string\", \"order\": 25, \"title\": \"tlsClientAuthSanUri\", \"value\": {\"type\": \"string\", \"requiredFlag\": false}, \"isLeaf\": false, \"childrenSet\": false, \"hasChildren\": false, \"dataElementType\": \"string\", \"encryption_required\": false}], \"editAllow\": true, \"dataElementType\": \"document\"}, {\"id\": \"fcf70f42-d7ec-4efa-ae1b-11f9538d7b76\", \"key\": \"/cred-prov-flow-okta-serviceInput/shouldThrowExceptionOnError\", \"edit\": false, \"type\": \"node\", \"order\": 1, \"title\": \"shouldThrowExceptionOnError\", \"value\": {\"type\": \"boolean\"}, \"children\": [], \"editAllow\": true, \"dataElementType\": \"boolean\"}], \"childrenSet\": false, \"hasChildren\": false, \"dataElementType\": \"document\", \"documentReference\": [], \"encryption_required\": false}]",
    "null" : false
  }
}