{
  "id" : "e0b501e3-9705-485a-9d5d-3982605d4300",
  "name" : "cred-prov-flow-okta",
  "description" : "",
  "iserror" : false,
  "no_of_errors" : 0,
  "service_input" : null,
  "service_output" : null,
  "service_input_json_schema" : null,
  "service_output_json_schema" : null,
  "type" : "EVENTDRIVEN",
  "error_handler" : false,
  "tag" : "V2",
  "active" : false,
  "is_changed" : true,
  "comment" : "refactored Okta API base url for flexibility to call multiple endpoint, some with /oauth2/v1 and others with /api/v1",
  "base_tag" : "V1",
  "test_input" : {
    "type" : "jsonb",
    "value" : "[]",
    "null" : false
  },
  "test_input_structure" : {
    "type" : "jsonb",
    "value" : "[]",
    "null" : false
  }
}