{
  "document_type_id" : "13162d3b-22c6-4f93-8531-00602b0a2053",
  "name" : "DCR_Input",
  "description" : "Okta Dynamic Client Registration REST API Body schema",
  "version" : null,
  "business_document_type_id" : null,
  "document_format_id" : "edc154a0-55fc-11e9-8647-d663bd873d93",
  "root_tag" : null,
  "structure" : {
    "type" : "jsonb",
    "value" : "[{\"key\": \"/client_name\", \"type\": \"string\", \"order\": 1.0, \"title\": \"client_name\", \"value\": {\"type\": \"string\", \"requiredFlag\": false}, \"isLeaf\": true, \"childrenSet\": false, \"hasChildren\": false, \"dataElementType\": \"string\", \"encryption_required\": false}, {\"key\": \"/redirect_uris[]\", \"type\": \"array\", \"order\": 2.0, \"title\": \"redirect_uris\", \"value\": {\"type\": \"array\", \"requiredFlag\": false}, \"isLeaf\": false, \"childrenSet\": false, \"hasChildren\": false, \"dataElementType\": \"stringArray\", \"encryption_required\": false}, {\"key\": \"/response_types[]\", \"type\": \"array\", \"order\": 3.0, \"title\": \"response_types\", \"value\": {\"type\": \"array\", \"requiredFlag\": false}, \"isLeaf\": false, \"childrenSet\": false, \"hasChildren\": false, \"dataElementType\": \"stringArray\", \"encryption_required\": false}, {\"key\": \"/grant_types[]\", \"type\": \"array\", \"order\": 4.0, \"title\": \"grant_types\", \"value\": {\"type\": \"array\", \"requiredFlag\": false}, \"isLeaf\": false, \"childrenSet\": false, \"hasChildren\": false, \"dataElementType\": \"stringArray\", \"encryption_required\": false}, {\"key\": \"/token_endpoint_auth_method\", \"type\": \"string\", \"order\": 5.0, \"title\": \"token_endpoint_auth_method\", \"value\": {\"type\": \"string\", \"requiredFlag\": false}, \"isLeaf\": true, \"childrenSet\": false, \"hasChildren\": false, \"dataElementType\": \"string\", \"encryption_required\": false}, {\"key\": \"/application_type\", \"type\": \"string\", \"order\": 6.0, \"title\": \"application_type\", \"value\": {\"type\": \"string\", \"requiredFlag\": false}, \"isLeaf\": true, \"childrenSet\": false, \"hasChildren\": false, \"dataElementType\": \"string\", \"encryption_required\": false}, {\"key\": \"/scope\", \"type\": \"string\", \"order\": 7.0, \"title\": \"scope\", \"value\": {\"type\": \"string\", \"requiredFlag\": false}, \"isLeaf\": true, \"childrenSet\": false, \"hasChildren\": false, \"dataElementType\": \"string\", \"encryption_required\": false}, {\"key\": \"/pkce_required\", \"type\": \"boolean\", \"order\": 8.0, \"title\": \"pkce_required\", \"value\": {\"type\": \"boolean\", \"requiredFlag\": false}, \"isLeaf\": true, \"childrenSet\": false, \"hasChildren\": false, \"dataElementType\": \"boolean\", \"encryption_required\": false}]",
    "null" : false
  },
  "key_fields" : null,
  "schema" : {
    "type" : "json",
    "value" : "{\"$id\":\"DCR_Input\",\"$schema\":\"http://json-schema.org/draft-07/schema#\",\"type\":\"object\",\"properties\":{\"client_name\":{\"type\":\"string\",\"title\":\"client_name\",\"default\":\"\",\"examples\":[\"lb-ps-app1-cred1\"],\"properties\":{},\"pattern\":\"^(.*)$\"},\"redirect_uris\":{\"type\":\"array\",\"title\":\"redirect_uris\",\"properties\":{},\"items\":{\"type\":\"string\",\"default\":\"\",\"examples\":[\"https://lbrenman.marketplace.us.axway.com/productDetails/86ed6340bdd1433c91f92b9feb32d8ac/version/0fe56fbfc5b847cf8212af4f1db40f20/resources/b84c1a8b97cd4143924bfdb5037d440e/oauth2-redirect.html\"],\"properties\":{},\"pattern\":\"^(.*)$\"}},\"response_types\":{\"type\":\"array\",\"title\":\"response_types\",\"properties\":{},\"items\":{\"type\":\"string\",\"default\":\"\",\"examples\":[\"code\"],\"properties\":{},\"pattern\":\"^(.*)$\"}},\"grant_types\":{\"type\":\"array\",\"title\":\"grant_types\",\"properties\":{},\"items\":{\"type\":\"string\",\"default\":\"\",\"examples\":[\"authorization_code\",\"client_credentials\",\"password\"],\"properties\":{},\"pattern\":\"^(.*)$\"}},\"token_endpoint_auth_method\":{\"type\":\"string\",\"title\":\"token_endpoint_auth_method\",\"default\":\"\",\"examples\":[\"client_secret_basic\"],\"properties\":{},\"pattern\":\"^(.*)$\"},\"application_type\":{\"type\":\"string\",\"title\":\"application_type\",\"default\":\"\",\"examples\":[\"lb-ps-app1-cred1\"],\"properties\":{},\"pattern\":\"^(.*)$\"},\"scope\":{\"type\":\"string\",\"title\":\"scope\",\"default\":\"\",\"examples\":[\"email profile openid\"],\"properties\":{},\"pattern\":\"^(.*)$\"},\"pkce_required\":{\"type\":\"boolean\",\"title\":\"pkce_required\",\"default\":false,\"examples\":[false,true],\"properties\":{}}}}",
    "null" : false
  },
  "source_schema" : "{\n  \"client_name\": \"lb-ps-app1-cred1\",\n  \"redirect_uris\": [\n  \"https://lbrenman.marketplace.us.axway.com/productDetails/86ed6340bdd1433c91f92b9feb32d8ac/version/0fe56fbfc5b847cf8212af4f1db40f20/resources/b84c1a8b97cd4143924bfdb5037d440e/oauth2-redirect.html\"],\n  \"response_types\": [\"code\"],\n  \"grant_types\": [\"authorization_code\",\"client_credentials\",\"password\"],\n  \"token_endpoint_auth_method\": \"client_secret_basic\",\n  \"application_type\": \"lb-ps-app1-cred1\",\n  \"scope\": \"email profile openid\",\n  \"pkce_required\": true\n}",
  "type" : "custom",
  "doc_type" : null,
  "source_type" : "jsonsample",
  "ignore_missing_schemas" : false,
  "has_ref_schemas" : null,
  "flat_file_config" : null,
  "active" : true,
  "is_changed" : false,
  "tag" : "EMPTY",
  "comment" : null,
  "base_tag" : "V4"
}