{
  "id" : "9040e60e-dc5d-484f-8f8c-c50774cf5875",
  "name" : "EngageOktaClientProvisioning",
  "createdOn" : "2026-01-28T20:12:47.725124",
  "modifiedOn" : "2026-02-04T22:42:06.735",
  "createdBy" : "fbe89da3-e0bb-4982-bd59-d46f52883257",
  "modifiedBy" : "fbe89da3-e0bb-4982-bd59-d46f52883257",
  "projectDescription" : "Okta Client Provisioning for Engage self onboarding of OAuth 2.0 API",
  "active" : true,
  "tag" : "EMPTY",
  "comment" : null,
  "baseTag" : "V3",
  "modeId" : "112c1cb8-4b9e-4d1a-a042-0bd031dc7d05",
  "deployedOn" : null,
  "details" : null,
  "projectType" : "Fusion"
}