{
  "document_type_id" : "2495f1a3-586b-426c-bcd2-2872bae5e1ae",
  "name" : "DCR_Output",
  "description" : "Pertinent output of the DCR creation response",
  "version" : null,
  "business_document_type_id" : null,
  "document_format_id" : "edc154a0-55fc-11e9-8647-d663bd873d93",
  "root_tag" : null,
  "structure" : {
    "type" : "jsonb",
    "value" : "[{\"key\": \"/client_id\", \"type\": \"string\", \"order\": 1.0, \"title\": \"client_id\", \"value\": {\"type\": \"string\", \"requiredFlag\": false}, \"isLeaf\": true, \"childrenSet\": false, \"hasChildren\": false, \"dataElementType\": \"string\", \"encryption_required\": false}, {\"key\": \"/client_secret\", \"type\": \"string\", \"order\": 2.0, \"title\": \"client_secret\", \"value\": {\"type\": \"string\", \"requiredFlag\": false}, \"isLeaf\": true, \"childrenSet\": false, \"hasChildren\": false, \"dataElementType\": \"string\", \"encryption_required\": false}, {\"key\": \"/client_id_issued_at\", \"type\": \"integer\", \"order\": 3.0, \"title\": \"client_id_issued_at\", \"value\": {\"type\": \"integer\", \"requiredFlag\": false}, \"isLeaf\": true, \"childrenSet\": false, \"hasChildren\": false, \"dataElementType\": \"integer\", \"encryption_required\": false}, {\"key\": \"/client_secret_expires_at\", \"type\": \"integer\", \"order\": 4.0, \"title\": \"client_secret_expires_at\", \"value\": {\"type\": \"integer\", \"requiredFlag\": false}, \"isLeaf\": true, \"childrenSet\": false, \"hasChildren\": false, \"dataElementType\": \"integer\", \"encryption_required\": false}]",
    "null" : false
  },
  "key_fields" : null,
  "schema" : {
    "type" : "json",
    "value" : "{\"$id\":\"DCR_Output\",\"$schema\":\"http://json-schema.org/draft-07/schema#\",\"type\":\"object\",\"properties\":{\"client_id\":{\"type\":\"string\",\"title\":\"client_id\",\"default\":\"\",\"examples\":[\"0oazh64vcqfnbqqmT697\"],\"properties\":{},\"pattern\":\"^(.*)$\"},\"client_secret\":{\"type\":\"string\",\"title\":\"client_secret\",\"default\":\"\",\"examples\":[\"Dl1LLWhHwPqCxlJ7vxoAE2H49VoNwUjXP8ITXORDoGsvjVaWjBdezWBRgC8BPgz6\"],\"properties\":{},\"pattern\":\"^(.*)$\"},\"client_id_issued_at\":{\"type\":\"integer\",\"title\":\"client_id_issued_at\",\"default\":0,\"examples\":[1769190203],\"properties\":{}},\"client_secret_expires_at\":{\"type\":\"integer\",\"title\":\"client_secret_expires_at\",\"default\":0,\"examples\":[0],\"properties\":{}}}}",
    "null" : false
  },
  "source_schema" : "{\n    \"client_id\": \"0oazh64vcqfnbqqmT697\",\n    \"client_secret\": \"Dl1LLWhHwPqCxlJ7vxoAE2H49VoNwUjXP8ITXORDoGsvjVaWjBdezWBRgC8BPgz6\",\n    \"client_id_issued_at\": 1769190203,\n    \"client_secret_expires_at\": 0\n}",
  "type" : "custom",
  "doc_type" : null,
  "source_type" : "jsonsample",
  "ignore_missing_schemas" : false,
  "has_ref_schemas" : null,
  "flat_file_config" : null,
  "active" : false,
  "is_changed" : true,
  "tag" : "V1",
  "comment" : "MVP",
  "base_tag" : "EMPTY"
}