{
  "component_config_id" : "3bdf54cf-3616-44e0-8e5b-7640851e119a",
  "endpoint_config_json" : {
    "type" : "jsonb",
    "value" : "{\"crossRef\": [], \"services\": [], \"multistep\": [], \"operations\": []}",
    "null" : false
  },
  "input_config_json" : {
    "type" : "jsonb",
    "value" : "{\"crossRef\": [], \"services\": [], \"multistep\": [], \"operations\": [{\"map\": {\"id\": \"df2dbc5f-8636-43ca-9f3b-897aecd07aff\", \"root\": false, \"type\": \"map\", \"cached\": false, \"source\": \"/DCR_Input\", \"target\": \"/HTTPSPostInput/body\", \"mapNull\": false, \"disabled\": false, \"extractXml\": false, \"extractJson\": false, \"targetOrder\": 3.0, \"mapEmptyString\": false, \"targetJavaType\": \"java.lang.String\"}}, {\"map\": {\"id\": \"b1dcfd0d-b888-4cac-904a-01f408aa3777\", \"root\": false, \"type\": \"setValue\", \"cached\": false, \"target\": \"/HTTPSPostInput/basePath\", \"mapNull\": false, \"disabled\": false, \"extractXml\": false, \"extractJson\": false, \"targetOrder\": 4.0, \"targetValue\": \"/clients\", \"mapEmptyString\": false, \"targetJavaType\": \"java.lang.String\", \"variableSubstitution\": false}}]}",
    "null" : false
  },
  "output_config_json" : {
    "type" : "jsonb",
    "value" : "{\"crossRef\": [], \"services\": [], \"multistep\": [], \"operations\": [{\"map\": {\"id\": \"67d8cf87-bfe6-445a-8e6b-3acd27aa3c39\", \"root\": true, \"type\": \"map\", \"cached\": false, \"source\": \"/HTTPSPostOutput\", \"target\": \"/HTTPSPostOutput\", \"mapNull\": false, \"disabled\": false, \"extractXml\": false, \"extractJson\": false, \"mapEmptyString\": false}}, {\"map\": {\"id\": \"103aaaa3-3d72-4704-a50b-b3b489ff62d2\", \"root\": true, \"type\": \"map\", \"cached\": false, \"source\": \"/HTTPSPostOutput/response\", \"target\": \"/DCROutput\", \"mapNull\": false, \"disabled\": false, \"extractXml\": false, \"extractJson\": true, \"targetOrder\": 1.0, \"mapEmptyString\": false, \"sourceJavaType\": \"java.lang.Object\"}}]}",
    "null" : false
  },
  "component_id" : "1dd81dfd-e452-4eb3-bbd7-bc6f0da00cbd",
  "service_id" : "e0b501e3-9705-485a-9d5d-3982605d4300",
  "endpoint_id" : "17f2f106-2578-4913-8adf-2880cc6ec4c9",
  "parent_component_config_id" : null,
  "component_config_order" : 2.0,
  "action_id" : "c3ddf699-458d-4e3a-84e3-66f8320787eb",
  "name" : "",
  "description" : "",
  "override_endpoint" : false,
  "input_structure_json" : {
    "type" : "jsonb",
    "value" : "{\"maps\": [{\"/HTTPSPostInput/body\": [{\"type\": \"map\", \"source\": {\"path\": \"/DCR_Input\", \"title\": \"DCR_Input\", \"dataElementType\": \"document\"}, \"target\": {\"path\": \"/HTTPSPostInput/body\", \"order\": 3, \"title\": \"body\", \"dataElementType\": \"string\"}, \"mapCondition\": {\"isConditionSet\": false, \"sourceTreeIndex\": [], \"targetTreeIndex\": [], \"mapConditionFormValue\": {}}}]}, {\"/HTTPSPostInput/basePath\": [{\"type\": \"setValue\", \"target\": {\"path\": \"/HTTPSPostInput/basePath\", \"order\": 4, \"title\": \"basePath\", \"dataElementType\": \"string\"}, \"values\": [{\"id\": \"83b0d735-3f19-430e-9f79-f881f89705b9\", \"key\": \"/HTTPSPostInput/basePath\", \"type\": \"object\", \"order\": 4, \"title\": \"basePath\", \"isLeaf\": false, \"children\": [], \"setValue\": null, \"uiElement\": \"/clients\", \"isSetValue\": false, \"childrenSet\": false, \"hasChildren\": false, \"dataElementType\": \"string\", \"encryption_required\": false}], \"mapCondition\": {\"isConditionSet\": false, \"sourceTreeIndex\": [], \"targetTreeIndex\": [], \"mapConditionFormValue\": {}}, \"variableSubstitution\": false, \"overwritePipelineValue\": false}]}], \"mappedNodes\": [\"/HTTPSPostOutput\", \"/HTTPSPostOutputpipeOut\", \"/HTTPSPostOutput/response\", \"/DCROutputpipeOut\", \"/DCR_Input pipeIn\", \"/HTTPSPostInput/body actionIn\", \"/HTTPSPostInput/basePath actionIn\", \"/HTTPSPostInput actionIn\"], \"addVariables\": []}",
    "null" : false
  },
  "output_structure_json" : {
    "type" : "jsonb",
    "value" : "{\"maps\": [{\"/HTTPSPostOutput\": [{\"type\": \"map\", \"source\": {\"path\": \"/HTTPSPostOutput\", \"title\": \"HTTPSPostOutput\", \"dataElementType\": \"document\"}, \"target\": {\"path\": \"/HTTPSPostOutput\", \"alias\": null, \"order\": null, \"title\": \"HTTPSPostOutput\", \"dataElementType\": \"document\"}, \"mapCondition\": {\"mapNull\": null, \"defaultValue\": null, \"isConditionSet\": false, \"mapEmptyString\": null, \"sourceTreeIndex\": [], \"targetTreeIndex\": [], \"mapConditionFormValue\": {\"fields\": null}}}]}, {\"/DCROutput\": [{\"type\": \"map\", \"source\": {\"path\": \"/HTTPSPostOutput/response\", \"title\": \"response\", \"dataElementType\": \"object\"}, \"target\": {\"path\": \"/DCROutput\", \"order\": 1, \"title\": \"DCROutput\", \"dataElementType\": \"document\"}, \"extractJson\": true, \"mapCondition\": {\"isConditionSet\": false, \"sourceTreeIndex\": [], \"targetTreeIndex\": [], \"mapConditionFormValue\": {}}}]}], \"tracks\": {}, \"transformer\": []}",
    "null" : false
  },
  "endpoint_structure_json" : {
    "type" : "jsonb",
    "value" : "{\"maps\": []}",
    "null" : false
  },
  "is_error" : false,
  "no_of_errors" : 0,
  "action_input_type" : null,
  "config_service_id" : null,
  "config_imap_id" : null,
  "config_b2b_document_type_id" : null,
  "config_document_id" : null,
  "add_variables" : {
    "type" : "jsonb",
    "value" : "[{\"id\": \"076a2cd6-54a4-4061-b378-463c2a569fe7\", \"key\": \"/DCROutput\", \"type\": \"node\", \"order\": 1, \"title\": \"DCROutput\", \"value\": {}, \"children\": [{\"id\": \"9400c61b-0d39-430d-91e3-9b7f6e7d2b06\", \"key\": \"/DCROutput/client_id\", \"type\": \"node\", \"order\": 1, \"title\": \"client_id\", \"value\": {\"type\": \"string\"}, \"isLeaf\": true, \"editAllow\": true, \"extractXml\": false, \"childrenSet\": false, \"extractJson\": true, \"hasChildren\": false, \"dataElementType\": \"string\", \"componentConfigId\": \"3bdf54cf-3616-44e0-8e5b-7640851e119a\", \"encryption_required\": false}, {\"id\": \"9bcec2f6-303d-4d89-ab7b-dd2819226c49\", \"key\": \"/DCROutput/client_secret\", \"type\": \"node\", \"order\": 2, \"title\": \"client_secret\", \"value\": {\"type\": \"string\"}, \"isLeaf\": true, \"editAllow\": true, \"extractXml\": false, \"childrenSet\": false, \"extractJson\": true, \"hasChildren\": false, \"dataElementType\": \"string\", \"componentConfigId\": \"3bdf54cf-3616-44e0-8e5b-7640851e119a\", \"encryption_required\": false}, {\"id\": \"5979290d-3aeb-4163-a2fa-4e8297ac9c0c\", \"key\": \"/DCROutput/client_id_issued_at\", \"type\": \"node\", \"order\": 3, \"title\": \"client_id_issued_at\", \"value\": {\"type\": \"integer\"}, \"isLeaf\": true, \"editAllow\": true, \"extractXml\": false, \"childrenSet\": false, \"extractJson\": true, \"hasChildren\": false, \"dataElementType\": \"integer\", \"componentConfigId\": \"3bdf54cf-3616-44e0-8e5b-7640851e119a\", \"encryption_required\": false}, {\"id\": \"92989d82-c125-4a81-9589-5ee8df1e1a51\", \"key\": \"/DCROutput/client_secret_expires_at\", \"type\": \"node\", \"order\": 4, \"title\": \"client_secret_expires_at\", \"value\": {\"type\": \"integer\"}, \"isLeaf\": true, \"editAllow\": true, \"extractXml\": false, \"childrenSet\": false, \"extractJson\": true, \"hasChildren\": false, \"dataElementType\": \"integer\", \"componentConfigId\": \"3bdf54cf-3616-44e0-8e5b-7640851e119a\", \"encryption_required\": false}, {\"id\": \"d1c4889c-2053-4bd5-be8c-78ac79490a73\", \"key\": \"/DCROutput/client_name\", \"type\": \"node\", \"order\": 5, \"title\": \"client_name\", \"value\": {\"type\": \"string\"}, \"isLeaf\": true, \"editAllow\": true, \"extractXml\": false, \"childrenSet\": false, \"extractJson\": true, \"hasChildren\": false, \"dataElementType\": \"string\", \"componentConfigId\": \"3bdf54cf-3616-44e0-8e5b-7640851e119a\", \"encryption_required\": false}, {\"id\": \"e9fe12ca-5da7-4186-a88e-c2add538a746\", \"key\": \"/DCROutput/client_uri\", \"type\": \"node\", \"order\": 6, \"title\": \"client_uri\", \"value\": {\"type\": \"object\"}, \"isLeaf\": false, \"editAllow\": true, \"extractXml\": false, \"childrenSet\": false, \"extractJson\": true, \"hasChildren\": false, \"dataElementType\": \"object\", \"componentConfigId\": \"3bdf54cf-3616-44e0-8e5b-7640851e119a\", \"encryption_required\": false}, {\"id\": \"2130c282-e7af-4a0e-ba27-7be92f9907e5\", \"key\": \"/DCROutput/logo_uri\", \"type\": \"node\", \"order\": 7, \"title\": \"logo_uri\", \"value\": {\"type\": \"object\"}, \"isLeaf\": false, \"editAllow\": true, \"extractXml\": false, \"childrenSet\": false, \"extractJson\": true, \"hasChildren\": false, \"dataElementType\": \"object\", \"componentConfigId\": \"3bdf54cf-3616-44e0-8e5b-7640851e119a\", \"encryption_required\": false}, {\"id\": \"8c5140ff-9208-4af2-ae5d-ba7fcae260e2\", \"key\": \"/DCROutput/redirect_uris[]\", \"type\": \"node\", \"order\": 8, \"title\": \"redirect_uris\", \"value\": {\"type\": \"array\"}, \"isLeaf\": false, \"editAllow\": true, \"extractXml\": false, \"childrenSet\": false, \"extractJson\": true, \"hasChildren\": false, \"dataElementType\": \"stringArray\", \"componentConfigId\": \"3bdf54cf-3616-44e0-8e5b-7640851e119a\", \"encryption_required\": false}, {\"id\": \"fc666544-1fcb-4514-b5ff-cebeabaafa22\", \"key\": \"/DCROutput/response_types[]\", \"type\": \"node\", \"order\": 9, \"title\": \"response_types\", \"value\": {\"type\": \"array\"}, \"isLeaf\": false, \"editAllow\": true, \"extractXml\": false, \"childrenSet\": false, \"extractJson\": true, \"hasChildren\": false, \"dataElementType\": \"stringArray\", \"componentConfigId\": \"3bdf54cf-3616-44e0-8e5b-7640851e119a\", \"encryption_required\": false}, {\"id\": \"c1343ffc-45d0-4d7d-a0a0-6e09ae3e7483\", \"key\": \"/DCROutput/grant_types[]\", \"type\": \"node\", \"order\": 10, \"title\": \"grant_types\", \"value\": {\"type\": \"array\"}, \"isLeaf\": false, \"editAllow\": true, \"extractXml\": false, \"childrenSet\": false, \"extractJson\": true, \"hasChildren\": false, \"dataElementType\": \"stringArray\", \"componentConfigId\": \"3bdf54cf-3616-44e0-8e5b-7640851e119a\", \"encryption_required\": false}, {\"id\": \"42129ff9-ad29-4bfa-9347-8ae4415e7f22\", \"key\": \"/DCROutput/token_endpoint_auth_method\", \"type\": \"node\", \"order\": 11, \"title\": \"token_endpoint_auth_method\", \"value\": {\"type\": \"string\"}, \"isLeaf\": true, \"editAllow\": true, \"extractXml\": false, \"childrenSet\": false, \"extractJson\": true, \"hasChildren\": false, \"dataElementType\": \"string\", \"componentConfigId\": \"3bdf54cf-3616-44e0-8e5b-7640851e119a\", \"encryption_required\": false}, {\"id\": \"e6a5f80b-d265-4adc-bdb1-0e19f8603248\", \"key\": \"/DCROutput/application_type\", \"type\": \"node\", \"order\": 12, \"title\": \"application_type\", \"value\": {\"type\": \"string\"}, \"isLeaf\": true, \"editAllow\": true, \"extractXml\": false, \"childrenSet\": false, \"extractJson\": true, \"hasChildren\": false, \"dataElementType\": \"string\", \"componentConfigId\": \"3bdf54cf-3616-44e0-8e5b-7640851e119a\", \"encryption_required\": false}], \"editAllow\": true, \"extractXml\": false, \"extractJson\": true, \"componentName\": \"\", \"dataElementType\": \"document\", \"componentConfigId\": \"3bdf54cf-3616-44e0-8e5b-7640851e119a\", \"componentConfigName\": \"HTTPS\"}]",
    "null" : false
  },
  "drop_variables" : {
    "type" : "jsonb",
    "value" : "[]",
    "null" : false
  },
  "plug_input_structure" : null,
  "plug_output_structure" : null,
  "config_plug_id" : null,
  "override_plug" : false,
  "config_java_service_id" : null,
  "service_tag" : "V1",
  "endpoint_tag" : "EMPTY",
  "config_service_tag" : "",
  "config_imap_tag" : "",
  "config_b2b_document_type_tag" : "",
  "active" : false,
  "parent_component_config_service_tag" : "V1",
  "service_project_id" : "9040e60e-dc5d-484f-8f8c-c50774cf5875",
  "service_project_tag" : "V1",
  "config_service_project_id" : null,
  "config_service_project_tag" : "",
  "config_imap_project_id" : null,
  "config_imap_project_tag" : "",
  "config_b2b_document_type_project_id" : null,
  "config_b2b_document_type_project_tag" : "",
  "endpoint_project_id" : "9040e60e-dc5d-484f-8f8c-c50774cf5875",
  "endpoint_project_tag" : "EMPTY",
  "config_plug_tag" : null,
  "config_plug_project_id" : null,
  "config_plug_project_tag" : null,
  "config_java_service_tag" : "",
  "config_java_service_project_id" : null,
  "config_java_service_project_tag" : "",
  "disabled" : true,
  "config" : {
    "type" : "json",
    "value" : "{}",
    "null" : false
  },
  "config_b2b_document_type_project_mode_id" : "112c1cb8-4b9e-4d1a-a042-0bd031dc7d05",
  "config_imap_project_mode_id" : "112c1cb8-4b9e-4d1a-a042-0bd031dc7d05",
  "config_java_service_project_mode_id" : "112c1cb8-4b9e-4d1a-a042-0bd031dc7d05",
  "config_plug_project_mode_id" : "112c1cb8-4b9e-4d1a-a042-0bd031dc7d05",
  "config_service_project_mode_id" : "112c1cb8-4b9e-4d1a-a042-0bd031dc7d05",
  "endpoint_project_mode_id" : "112c1cb8-4b9e-4d1a-a042-0bd031dc7d05",
  "service_project_mode_id" : "112c1cb8-4b9e-4d1a-a042-0bd031dc7d05",
  "parent_component_config_service_project_mode_id" : "112c1cb8-4b9e-4d1a-a042-0bd031dc7d05",
  "is_audit" : true,
  "keys_with_order" : null
}