{
  "component_config_id" : "048d63f3-115c-43d7-9086-581c7d976719",
  "endpoint_config_json" : {
    "type" : "jsonb",
    "value" : "{\"crossRef\": [], \"services\": [], \"multistep\": [], \"operations\": []}",
    "null" : false
  },
  "input_config_json" : {
    "type" : "jsonb",
    "value" : "{\"crossRef\": [], \"services\": [], \"multistep\": [], \"operations\": [{\"map\": {\"id\": \"de73c4bf-7b8d-446e-976c-0bda95776fbe\", \"root\": true, \"type\": \"map\", \"cached\": false, \"source\": \"/CredentialProvisioningInvokeInput\", \"target\": \"/cred-prov-flow-okta-serviceInput/CredentialProvisioningInvokeInput\", \"mapNull\": false, \"disabled\": false, \"extractXml\": false, \"extractJson\": false, \"targetOrder\": 1.0, \"mapEmptyString\": false}}, {\"map\": {\"id\": \"435160a1-5d04-43ba-8c35-9452a4beac24\", \"root\": false, \"type\": \"setValue\", \"cached\": false, \"target\": \"/cred-prov-flow-okta-serviceInput/shouldThrowExceptionOnError\", \"mapNull\": false, \"disabled\": false, \"extractXml\": false, \"extractJson\": false, \"targetOrder\": 1.0, \"targetValue\": \"false\", \"mapEmptyString\": false, \"targetJavaType\": \"java.lang.Boolean\", \"variableSubstitution\": false}}]}",
    "null" : false
  },
  "output_config_json" : {
    "type" : "jsonb",
    "value" : "{\"crossRef\": [], \"services\": [], \"multistep\": [], \"operations\": [{\"map\": {\"id\": \"4980d205-7e1c-4cb1-84e8-55cf1e3e219d\", \"root\": true, \"type\": \"map\", \"cached\": false, \"source\": \"/cred-prov-flow-okta-serviceOutput\", \"target\": \"/cred-prov-flow-okta-serviceOutput\", \"mapNull\": false, \"disabled\": false, \"extractXml\": false, \"extractJson\": false, \"targetOrder\": 1.0, \"mapEmptyString\": false}}, {\"map\": {\"id\": \"f10ac763-450c-47ba-a619-3c8278149e20\", \"root\": true, \"type\": \"map\", \"cached\": false, \"source\": \"/cred-prov-flow-okta-serviceOutput/CredentialProvisioningInvokeOutput\", \"target\": \"/CredentialProvisioningInvokeOutput\", \"mapNull\": false, \"disabled\": false, \"extractXml\": false, \"extractJson\": false, \"targetOrder\": 2.0, \"mapEmptyString\": false}}]}",
    "null" : false
  },
  "component_id" : "756d919f-1b1f-4eab-9f44-2f7b5bbe175c",
  "service_id" : "e0b501e3-9705-485a-9d5d-3982605d4300",
  "endpoint_id" : null,
  "parent_component_config_id" : null,
  "component_config_order" : 1.25,
  "action_id" : "8e231fcc-71d0-43f6-9303-70dcb0ca6080",
  "name" : "Call cred-prov-flow-okta-service",
  "description" : "",
  "override_endpoint" : false,
  "input_structure_json" : {
    "type" : "jsonb",
    "value" : "{\"maps\": [{\"/cred-prov-flow-okta-serviceInput/shouldThrowExceptionOnError\": [{\"type\": \"setValue\", \"target\": {\"path\": \"/cred-prov-flow-okta-serviceInput/shouldThrowExceptionOnError\", \"order\": 1, \"title\": \"shouldThrowExceptionOnError\", \"dataElementType\": \"boolean\"}, \"values\": [{\"id\": \"20f3ac2e-f76f-480a-875c-c551356c1472\", \"key\": \"/cred-prov-flow-okta-serviceInput/shouldThrowExceptionOnError\", \"type\": \"node\", \"order\": 1, \"title\": \"shouldThrowExceptionOnError\", \"children\": [], \"setValue\": \"false\", \"uiElement\": \"false\", \"isSetValue\": false, \"childrenSet\": false, \"hasChildren\": false, \"dataElementType\": \"boolean\", \"encryption_required\": false}], \"mapCondition\": {\"isConditionSet\": false, \"sourceTreeIndex\": [], \"targetTreeIndex\": [], \"mapConditionFormValue\": {}}, \"variableSubstitution\": false, \"overwritePipelineValue\": false}]}, {\"/cred-prov-flow-okta-serviceInput/CredentialProvisioningInvokeInput\": [{\"type\": \"map\", \"source\": {\"path\": \"/CredentialProvisioningInvokeInput\", \"title\": \"CredentialProvisioningInvokeInput\", \"dataElementType\": \"document\"}, \"target\": {\"path\": \"/cred-prov-flow-okta-serviceInput/CredentialProvisioningInvokeInput\", \"order\": 1, \"title\": \"CredentialProvisioningInvokeInput\", \"dataElementType\": \"document\"}, \"mapCondition\": {\"isConditionSet\": false, \"sourceTreeIndex\": [], \"targetTreeIndex\": [], \"mapConditionFormValue\": {}}}]}], \"mappedNodes\": [\"/cred-prov-flow-okta-serviceOutputactionOut\", \"/cred-prov-flow-okta-serviceOutputpipeOut\", \"/cred-prov-flow-okta-serviceInput/shouldThrowExceptionOnError actionIn\", \"/cred-prov-flow-okta-serviceInput actionIn\", \"/CredentialProvisioningInvokeInput pipeIn\", \"/cred-prov-flow-okta-serviceInput/CredentialProvisioningInvokeInput actionIn\", \"/cred-prov-flow-okta-serviceInput actionIn\", \"/cred-prov-flow-okta-serviceOutput/CredentialProvisioningInvokeOutput\", \"/CredentialProvisioningInvokeOutputpipeOut\"]}",
    "null" : false
  },
  "output_structure_json" : {
    "type" : "jsonb",
    "value" : "{\"maps\": [{\"/cred-prov-flow-okta-serviceOutput\": [{\"type\": \"map\", \"source\": {\"path\": \"/cred-prov-flow-okta-serviceOutput\", \"title\": \"cred-prov-flow-okta-serviceOutput\", \"dataElementType\": \"document\"}, \"target\": {\"path\": \"/cred-prov-flow-okta-serviceOutput\", \"order\": 1, \"title\": \"cred-prov-flow-okta-serviceOutput\", \"dataElementType\": \"document\"}, \"mapCondition\": {\"isConditionSet\": false, \"sourceTreeIndex\": [], \"targetTreeIndex\": [], \"mapConditionFormValue\": {}}}]}, {\"/CredentialProvisioningInvokeOutput\": [{\"type\": \"map\", \"source\": {\"path\": \"/cred-prov-flow-okta-serviceOutput/CredentialProvisioningInvokeOutput\", \"title\": \"CredentialProvisioningInvokeOutput\", \"dataElementType\": \"document\"}, \"target\": {\"path\": \"/CredentialProvisioningInvokeOutput\", \"order\": 2, \"title\": \"CredentialProvisioningInvokeOutput\", \"dataElementType\": \"document\"}, \"mapCondition\": {\"isConditionSet\": false, \"sourceTreeIndex\": [], \"targetTreeIndex\": [], \"mapConditionFormValue\": {}}}]}], \"tracks\": {}, \"transformer\": []}",
    "null" : false
  },
  "endpoint_structure_json" : {
    "type" : "jsonb",
    "value" : "{\"maps\": []}",
    "null" : false
  },
  "is_error" : false,
  "no_of_errors" : 0,
  "action_input_type" : null,
  "config_service_id" : "1bafffb1-b724-4a97-9a53-45923ebbe95a",
  "config_imap_id" : null,
  "config_b2b_document_type_id" : null,
  "config_document_id" : null,
  "add_variables" : {
    "type" : "jsonb",
    "value" : "[]",
    "null" : false
  },
  "drop_variables" : {
    "type" : "jsonb",
    "value" : "[]",
    "null" : false
  },
  "plug_input_structure" : null,
  "plug_output_structure" : null,
  "config_plug_id" : null,
  "override_plug" : false,
  "config_java_service_id" : null,
  "service_tag" : "V1",
  "endpoint_tag" : null,
  "config_service_tag" : "EMPTY",
  "config_imap_tag" : "",
  "config_b2b_document_type_tag" : "",
  "active" : false,
  "parent_component_config_service_tag" : "V1",
  "service_project_id" : "9040e60e-dc5d-484f-8f8c-c50774cf5875",
  "service_project_tag" : "V1",
  "config_service_project_id" : "9040e60e-dc5d-484f-8f8c-c50774cf5875",
  "config_service_project_tag" : "EMPTY",
  "config_imap_project_id" : null,
  "config_imap_project_tag" : "",
  "config_b2b_document_type_project_id" : null,
  "config_b2b_document_type_project_tag" : "",
  "endpoint_project_id" : null,
  "endpoint_project_tag" : null,
  "config_plug_tag" : null,
  "config_plug_project_id" : null,
  "config_plug_project_tag" : null,
  "config_java_service_tag" : "",
  "config_java_service_project_id" : null,
  "config_java_service_project_tag" : "",
  "disabled" : false,
  "config" : {
    "type" : "json",
    "value" : "{\"serviceProjectName\":\"EngageOktaClientProvisioning\"}",
    "null" : false
  },
  "config_b2b_document_type_project_mode_id" : "112c1cb8-4b9e-4d1a-a042-0bd031dc7d05",
  "config_imap_project_mode_id" : "112c1cb8-4b9e-4d1a-a042-0bd031dc7d05",
  "config_java_service_project_mode_id" : "112c1cb8-4b9e-4d1a-a042-0bd031dc7d05",
  "config_plug_project_mode_id" : "112c1cb8-4b9e-4d1a-a042-0bd031dc7d05",
  "config_service_project_mode_id" : "112c1cb8-4b9e-4d1a-a042-0bd031dc7d05",
  "endpoint_project_mode_id" : "112c1cb8-4b9e-4d1a-a042-0bd031dc7d05",
  "service_project_mode_id" : "112c1cb8-4b9e-4d1a-a042-0bd031dc7d05",
  "parent_component_config_service_project_mode_id" : "112c1cb8-4b9e-4d1a-a042-0bd031dc7d05",
  "is_audit" : true,
  "keys_with_order" : null
}