{
  "component_config_id" : "cd1fec1c-831a-4228-a87f-492e33c5d929",
  "endpoint_config_json" : {
    "type" : "jsonb",
    "value" : "{\"crossRef\": [], \"services\": [], \"multistep\": [], \"operations\": []}",
    "null" : false
  },
  "input_config_json" : {
    "type" : "jsonb",
    "value" : "{\"crossRef\": [], \"services\": [], \"multistep\": [], \"operations\": []}",
    "null" : false
  },
  "output_config_json" : {
    "type" : "jsonb",
    "value" : "{\"crossRef\": [], \"services\": [], \"multistep\": [], \"operations\": [{\"transformer\": {\"id\": \"e39baa77-32a1-4a05-b782-13109a683e46\", \"name\": \"STRING_MULTIPLE_CONCAT\", \"type\": \"String\", \"query\": null, \"inputs\": [{\"id\": \"7b627afb-c7fe-4821-9afb-496f69bb2e13\", \"root\": false, \"type\": \"list\", \"cached\": false, \"source\": \"/CredentialProvisioningInvokeInput/scope[]\", \"target\": \"/STRING_MULTIPLE_CONCAT_INPUT/inStringList[]\", \"mapNull\": false, \"disabled\": false, \"extractXml\": false, \"extractJson\": false, \"mapEmptyString\": false, \"sourceJavaType\": \"java.lang.String\", \"targetJavaType\": \"java.lang.String\"}, {\"id\": \"138842b8-6a2f-413d-9611-1cb9229d1830\", \"root\": false, \"type\": \"setValue\", \"cached\": false, \"target\": \"/STRING_MULTIPLE_CONCAT_INPUT/delimiter\", \"mapNull\": false, \"disabled\": false, \"extractXml\": false, \"extractJson\": false, \"targetValue\": \" \", \"mapEmptyString\": false, \"targetJavaType\": \"java.lang.String\", \"variableSubstitution\": false}], \"outputs\": [{\"id\": \"5c5a1fac-86f7-44be-bd7a-f84989ece31a\", \"root\": false, \"type\": \"map\", \"cached\": false, \"source\": \"/STRING_MULTIPLE_CONCAT_OUTPUT/outString\", \"target\": \"/DCR_Input/scope\", \"mapNull\": false, \"disabled\": false, \"extractXml\": false, \"extractJson\": false, \"targetOrder\": 1.0, \"mapEmptyString\": false, \"sourceJavaType\": \"java.lang.String\", \"targetJavaType\": \"java.lang.String\"}], \"tableId\": null, \"configId\": null, \"disabled\": false, \"serviceId\": null, \"expression\": null}}, {\"map\": {\"id\": \"bfbbfb50-823f-442a-a583-2a6b7c6e6a89\", \"root\": false, \"type\": \"map\", \"cached\": false, \"source\": \"/CredentialProvisioningInvokeInput/tokenAuthMethod\", \"target\": \"/DCR_Input/token_endpoint_auth_method\", \"mapNull\": false, \"disabled\": false, \"extractXml\": false, \"extractJson\": false, \"targetOrder\": 5.0, \"mapEmptyString\": false, \"sourceJavaType\": \"java.lang.String\", \"targetJavaType\": \"java.lang.String\"}}, {\"map\": {\"id\": \"ded6261e-199d-46ce-837f-472bb91b9a43\", \"root\": false, \"type\": \"list\", \"cached\": false, \"source\": \"/CredentialProvisioningInvokeInput/grant_types[]\", \"target\": \"/DCR_Input/grant_types[]\", \"mapNull\": false, \"disabled\": false, \"extractXml\": false, \"extractJson\": false, \"targetOrder\": 4.0, \"mapEmptyString\": false, \"sourceJavaType\": \"java.lang.String\", \"targetJavaType\": \"java.lang.String\"}}, {\"map\": {\"id\": \"be8461d3-906d-4f74-a812-eba3f08ac195\", \"root\": false, \"type\": \"list\", \"cached\": false, \"source\": \"/CredentialProvisioningInvokeInput/redirect_uris[]\", \"target\": \"/DCR_Input/redirect_uris[]\", \"mapNull\": false, \"disabled\": false, \"extractXml\": false, \"extractJson\": false, \"targetOrder\": 2.0, \"mapEmptyString\": false, \"sourceJavaType\": \"java.lang.String\", \"targetJavaType\": \"java.lang.String\"}}, {\"map\": {\"id\": \"51622d48-831c-4dff-a0f1-a5318cf31cc4\", \"root\": false, \"type\": \"list\", \"cached\": false, \"source\": \"/CredentialProvisioningInvokeInput/response_types[]\", \"target\": \"/DCR_Input/response_types[]\", \"mapNull\": false, \"disabled\": false, \"extractXml\": false, \"extractJson\": false, \"targetOrder\": 3.0, \"mapEmptyString\": false, \"sourceJavaType\": \"java.lang.String\", \"targetJavaType\": \"java.lang.String\"}}, {\"map\": {\"id\": \"949d4031-d036-43b1-9684-ac136e23b639\", \"root\": false, \"type\": \"map\", \"cached\": false, \"source\": \"/CredentialProvisioningInvokeInput/client_name\", \"target\": \"/DCR_Input/client_name\", \"mapNull\": false, \"disabled\": false, \"extractXml\": false, \"extractJson\": false, \"targetOrder\": 1.0, \"mapEmptyString\": false, \"sourceJavaType\": \"java.lang.String\", \"targetJavaType\": \"java.lang.String\"}}]}",
    "null" : false
  },
  "component_id" : "8ac5fe03-27a2-4e6a-a449-6a8893818223",
  "service_id" : "e0b501e3-9705-485a-9d5d-3982605d4300",
  "endpoint_id" : null,
  "parent_component_config_id" : null,
  "component_config_order" : 1.5,
  "action_id" : "06843b78-eab0-45da-afab-8c8277d7553f",
  "name" : null,
  "description" : "",
  "override_endpoint" : false,
  "input_structure_json" : {
    "type" : "jsonb",
    "value" : "{\"maps\": [], \"mappedNodes\": [\"/CredentialProvisioningInvokeInput/scope[] pipeIn\", \"/STRING_MULTIPLE_CONCAT_INPUT/inStringList[]0\", \"/STRING_MULTIPLE_CONCAT_INPUT/delimiter\", \"/STRING_MULTIPLE_CONCAT_INPUT\", \"/STRING_MULTIPLE_CONCAT_OUTPUT/outString0\", \"/DCRInput/DCR_Input/client_namepipeOut\", \"/DCRInput/DCR_Input/redirect_uris[]pipeOut\", \"/DCRInput/DCR_Input/response_types[]pipeOut\", \"/DCRInput/DCR_Input/grant_types[]pipeOut\", \"/DCRInput/DCR_Input/token_endpoint_auth_methodpipeOut\", \"/STRING_MULTIPLE_CONCAT_OUTPUT/outString0\", \"/CredentialProvisioningInvokeInput/tokenAuthMethod pipeIn\", \"/CredentialProvisioningInvokeInput/grant_types[] pipeIn\", \"/CredentialProvisioningInvokeInput/response_types[] pipeIn\", \"/CredentialProvisioningInvokeInput/client_name pipeIn\", \"/STRING_MULTIPLE_CONCAT_OUTPUT/outString0\"]}",
    "null" : false
  },
  "output_structure_json" : {
    "type" : "jsonb",
    "value" : "{\"maps\": [{\"/DCR_Input/token_endpoint_auth_method\": [{\"type\": \"map\", \"source\": {\"path\": \"/CredentialProvisioningInvokeInput/tokenAuthMethod\", \"title\": \"tokenAuthMethod\", \"dataElementType\": \"string\"}, \"target\": {\"path\": \"/DCR_Input/token_endpoint_auth_method\", \"order\": 5, \"title\": \"token_endpoint_auth_method\", \"dataElementType\": \"string\"}, \"mapCondition\": {\"isConditionSet\": false, \"sourceTreeIndex\": [], \"targetTreeIndex\": [], \"mapConditionFormValue\": {}}}]}, {\"/DCR_Input/grant_types[]\": [{\"type\": \"list\", \"source\": {\"path\": \"/CredentialProvisioningInvokeInput/grant_types[]\", \"title\": \"grant_types\", \"dataElementType\": \"stringArray\"}, \"target\": {\"path\": \"/DCR_Input/grant_types[]\", \"order\": 4, \"title\": \"grant_types\", \"dataElementType\": \"stringArray\"}, \"mapCondition\": {\"isConditionSet\": false, \"sourceTreeIndex\": [{\"key\": 1, \"title\": \"CredentialProvisioningInvokeInput\", \"isLeaf\": false, \"isArray\": false, \"children\": [{\"key\": 2, \"title\": \"grant_types[]\", \"isLeaf\": false, \"isArray\": true, \"parentKey\": 1, \"arrayIndex\": null}], \"parentKey\": 0}], \"targetTreeIndex\": [{\"key\": 1, \"title\": \"DCR_Input\", \"isLeaf\": false, \"isArray\": false, \"children\": [{\"key\": 2, \"title\": \"grant_types[]\", \"isLeaf\": false, \"isArray\": true, \"parentKey\": 1, \"arrayIndex\": null}], \"parentKey\": 0}], \"mapConditionFormValue\": {}}}]}, {\"/DCR_Input/redirect_uris[]\": [{\"type\": \"list\", \"source\": {\"path\": \"/CredentialProvisioningInvokeInput/redirect_uris[]\", \"title\": \"redirect_uris\", \"dataElementType\": \"stringArray\"}, \"target\": {\"path\": \"/DCR_Input/redirect_uris[]\", \"order\": 2, \"title\": \"redirect_uris\", \"dataElementType\": \"stringArray\"}, \"mapCondition\": {\"isConditionSet\": false, \"sourceTreeIndex\": [{\"key\": 1, \"title\": \"CredentialProvisioningInvokeInput\", \"isLeaf\": false, \"isArray\": false, \"children\": [{\"key\": 2, \"title\": \"redirect_uris[]\", \"isLeaf\": false, \"isArray\": true, \"parentKey\": 1, \"arrayIndex\": null}], \"parentKey\": 0}], \"targetTreeIndex\": [{\"key\": 1, \"title\": \"DCR_Input\", \"isLeaf\": false, \"isArray\": false, \"children\": [{\"key\": 2, \"title\": \"redirect_uris[]\", \"isLeaf\": false, \"isArray\": true, \"parentKey\": 1, \"arrayIndex\": null}], \"parentKey\": 0}], \"mapConditionFormValue\": {}}}]}, {\"/DCR_Input/response_types[]\": [{\"type\": \"list\", \"source\": {\"path\": \"/CredentialProvisioningInvokeInput/response_types[]\", \"title\": \"response_types\", \"dataElementType\": \"stringArray\"}, \"target\": {\"path\": \"/DCR_Input/response_types[]\", \"order\": 3, \"title\": \"response_types\", \"dataElementType\": \"stringArray\"}, \"mapCondition\": {\"isConditionSet\": false, \"sourceTreeIndex\": [{\"key\": 1, \"title\": \"CredentialProvisioningInvokeInput\", \"isLeaf\": false, \"isArray\": false, \"children\": [{\"key\": 2, \"title\": \"response_types[]\", \"isLeaf\": false, \"isArray\": true, \"parentKey\": 1, \"arrayIndex\": null}], \"parentKey\": 0}], \"targetTreeIndex\": [{\"key\": 1, \"title\": \"DCR_Input\", \"isLeaf\": false, \"isArray\": false, \"children\": [{\"key\": 2, \"title\": \"response_types[]\", \"isLeaf\": false, \"isArray\": true, \"parentKey\": 1, \"arrayIndex\": null}], \"parentKey\": 0}], \"mapConditionFormValue\": {}}}]}, {\"/DCR_Input/client_name\": [{\"type\": \"map\", \"source\": {\"path\": \"/CredentialProvisioningInvokeInput/client_name\", \"title\": \"client_name\", \"dataElementType\": \"string\"}, \"target\": {\"path\": \"/DCR_Input/client_name\", \"order\": 1, \"title\": \"client_name\", \"dataElementType\": \"string\"}, \"mapCondition\": {\"isConditionSet\": false, \"sourceTreeIndex\": [], \"targetTreeIndex\": [], \"mapConditionFormValue\": {}}}]}], \"transformer\": [{\"inputs\": {\"/STRING_MULTIPLE_CONCAT_INPUT/delimiter\": [{\"type\": \"setValue\", \"target\": {\"path\": \"/STRING_MULTIPLE_CONCAT_INPUT/delimiter\", \"order\": \"\", \"title\": \"delimiter\", \"dataElementType\": \"string\"}, \"values\": [{\"id\": \"7ed767c4-aace-42e2-b129-baae7f682400\", \"key\": \"/STRING_MULTIPLE_CONCAT_INPUT/delimiter\", \"type\": \"string\", \"title\": \"delimiter\", \"isLeaf\": false, \"secret\": false, \"children\": [], \"setValue\": null, \"uiElement\": \" \", \"isSetValue\": false, \"dataElementType\": \"string\"}], \"mapCondition\": {\"isConditionSet\": false, \"sourceTreeIndex\": [], \"targetTreeIndex\": [], \"mapConditionFormValue\": {}}, \"variableSubstitution\": false, \"overwritePipelineValue\": false}], \"/STRING_MULTIPLE_CONCAT_INPUT/inStringList[]\": [{\"type\": \"list\", \"source\": {\"path\": \"/CredentialProvisioningInvokeInput/scope[]\", \"title\": \"scope\", \"dataElementType\": \"stringArray\"}, \"target\": {\"path\": \"/STRING_MULTIPLE_CONCAT_INPUT/inStringList[]\", \"title\": \"inStringList\", \"dataElementType\": \"stringArray\"}, \"mapCondition\": {\"isConditionSet\": false, \"sourceTreeIndex\": [{\"key\": 1, \"title\": \"CredentialProvisioningInvokeInput\", \"isLeaf\": false, \"isArray\": false, \"children\": [{\"key\": 2, \"title\": \"scope[]\", \"isLeaf\": false, \"isArray\": true, \"parentKey\": 1, \"arrayIndex\": null}], \"parentKey\": 0}], \"targetTreeIndex\": [{\"key\": 1, \"title\": \"STRING_MULTIPLE_CONCAT_INPUT\", \"isLeaf\": false, \"isArray\": false, \"children\": [{\"key\": 2, \"title\": \"inStringList\", \"isLeaf\": false, \"isArray\": true, \"parentKey\": 1, \"arrayIndex\": null}], \"parentKey\": 0}], \"mapConditionFormValue\": {}}}]}, \"outputs\": {\"/DCR_Input/scope\": [{\"type\": \"map\", \"source\": {\"path\": \"/STRING_MULTIPLE_CONCAT_OUTPUT/outString\", \"title\": \"outString\", \"dataElementType\": \"string\"}, \"target\": {\"path\": \"/DCR_Input/scope\", \"order\": 1, \"title\": \"scope\", \"dataElementType\": \"string\"}, \"mapCondition\": {\"isConditionSet\": false, \"sourceTreeIndex\": [], \"targetTreeIndex\": [], \"mapConditionFormValue\": {}}}]}, \"functionInfo\": {\"id\": \"c9bdfebb-8b11-4357-86b7-64acea28e458\", \"name\": \"MultipleConcat\", \"category\": {\"id\": \"7e335ebf-c122-41de-a87f-8e4cb8f39ff6\"}, \"internalName\": \"STRING_MULTIPLE_CONCAT\"}}]}",
    "null" : false
  },
  "endpoint_structure_json" : {
    "type" : "jsonb",
    "value" : "{\"maps\": []}",
    "null" : false
  },
  "is_error" : false,
  "no_of_errors" : 0,
  "action_input_type" : null,
  "config_service_id" : null,
  "config_imap_id" : null,
  "config_b2b_document_type_id" : null,
  "config_document_id" : null,
  "add_variables" : {
    "type" : "jsonb",
    "value" : "[{\"id\": \"ecc30ca7-ba7d-4494-9e11-cd61ed437fd4\", \"key\": \"/DCR_Input\", \"type\": \"node\", \"order\": 1, \"title\": \"DCR_Input\", \"value\": {}, \"children\": [{\"id\": \"51e4ba9e-8cdd-4192-81ec-e4fcab434931\", \"key\": \"/DCR_Input/client_name\", \"type\": \"node\", \"order\": 1, \"title\": \"client_name\", \"value\": {\"type\": \"string\"}, \"isLeaf\": true, \"editAllow\": true, \"childrenSet\": false, \"hasChildren\": false, \"dataElementType\": \"string\", \"componentConfigId\": \"cd1fec1c-831a-4228-a87f-492e33c5d929\", \"componentConfigName\": \"Map\", \"encryption_required\": false}, {\"id\": \"85e97dff-71c0-4c63-aa11-c8deca57808a\", \"key\": \"/DCR_Input/redirect_uris[]\", \"type\": \"node\", \"order\": 2, \"title\": \"redirect_uris\", \"value\": {\"type\": \"array\"}, \"isLeaf\": false, \"editAllow\": true, \"childrenSet\": false, \"hasChildren\": false, \"dataElementType\": \"stringArray\", \"componentConfigId\": \"cd1fec1c-831a-4228-a87f-492e33c5d929\", \"componentConfigName\": \"Map\", \"encryption_required\": false}, {\"id\": \"4894b55e-d95f-497a-8c7b-f84242f70754\", \"key\": \"/DCR_Input/response_types[]\", \"type\": \"node\", \"order\": 3, \"title\": \"response_types\", \"value\": {\"type\": \"array\"}, \"isLeaf\": false, \"editAllow\": true, \"childrenSet\": false, \"hasChildren\": false, \"dataElementType\": \"stringArray\", \"componentConfigId\": \"cd1fec1c-831a-4228-a87f-492e33c5d929\", \"componentConfigName\": \"Map\", \"encryption_required\": false}, {\"id\": \"5e78afa6-7677-4b3b-8bb2-ed46542e826f\", \"key\": \"/DCR_Input/grant_types[]\", \"type\": \"node\", \"order\": 4, \"title\": \"grant_types\", \"value\": {\"type\": \"array\"}, \"isLeaf\": false, \"editAllow\": true, \"childrenSet\": false, \"hasChildren\": false, \"dataElementType\": \"stringArray\", \"componentConfigId\": \"cd1fec1c-831a-4228-a87f-492e33c5d929\", \"componentConfigName\": \"Map\", \"encryption_required\": false}, {\"id\": \"dfa4d0b0-d219-42eb-a5fe-d2b725c5a617\", \"key\": \"/DCR_Input/token_endpoint_auth_method\", \"type\": \"node\", \"order\": 5, \"title\": \"token_endpoint_auth_method\", \"value\": {\"type\": \"string\"}, \"isLeaf\": true, \"editAllow\": true, \"childrenSet\": false, \"hasChildren\": false, \"dataElementType\": \"string\", \"componentConfigId\": \"cd1fec1c-831a-4228-a87f-492e33c5d929\", \"componentConfigName\": \"Map\", \"encryption_required\": false}, {\"id\": \"ef93f273-14ce-4295-847e-3053944e2136\", \"key\": \"/DCR_Input/application_type\", \"type\": \"node\", \"order\": 6, \"title\": \"application_type\", \"value\": {\"type\": \"string\"}, \"isLeaf\": true, \"editAllow\": true, \"childrenSet\": false, \"hasChildren\": false, \"dataElementType\": \"string\", \"componentConfigId\": \"cd1fec1c-831a-4228-a87f-492e33c5d929\", \"componentConfigName\": \"Map\", \"encryption_required\": false}, {\"id\": \"ad2cd432-9ca0-4d9c-bba3-e8db93359efc\", \"key\": \"/DCR_Input/scope\", \"type\": \"node\", \"order\": 1, \"title\": \"scope\", \"value\": {\"type\": \"string\"}, \"children\": [], \"editAllow\": true, \"dataElementType\": \"string\", \"componentConfigId\": \"cd1fec1c-831a-4228-a87f-492e33c5d929\", \"componentConfigName\": \"Map\"}], \"editAllow\": true, \"dataElementType\": \"document\", \"componentConfigId\": \"cd1fec1c-831a-4228-a87f-492e33c5d929\", \"componentConfigName\": \"Map\"}]",
    "null" : false
  },
  "drop_variables" : {
    "type" : "jsonb",
    "value" : "[]",
    "null" : false
  },
  "plug_input_structure" : null,
  "plug_output_structure" : null,
  "config_plug_id" : null,
  "override_plug" : false,
  "config_java_service_id" : null,
  "service_tag" : "V1",
  "endpoint_tag" : "EMPTY",
  "config_service_tag" : "EMPTY",
  "config_imap_tag" : "EMPTY",
  "config_b2b_document_type_tag" : "EMPTY",
  "active" : false,
  "parent_component_config_service_tag" : "V1",
  "service_project_id" : "9040e60e-dc5d-484f-8f8c-c50774cf5875",
  "service_project_tag" : "V1",
  "config_service_project_id" : null,
  "config_service_project_tag" : "EMPTY",
  "config_imap_project_id" : null,
  "config_imap_project_tag" : "EMPTY",
  "config_b2b_document_type_project_id" : null,
  "config_b2b_document_type_project_tag" : "EMPTY",
  "endpoint_project_id" : null,
  "endpoint_project_tag" : "EMPTY",
  "config_plug_tag" : "EMPTY",
  "config_plug_project_id" : null,
  "config_plug_project_tag" : "EMPTY",
  "config_java_service_tag" : "EMPTY",
  "config_java_service_project_id" : null,
  "config_java_service_project_tag" : "EMPTY",
  "disabled" : true,
  "config" : null,
  "config_b2b_document_type_project_mode_id" : "112c1cb8-4b9e-4d1a-a042-0bd031dc7d05",
  "config_imap_project_mode_id" : "112c1cb8-4b9e-4d1a-a042-0bd031dc7d05",
  "config_java_service_project_mode_id" : "112c1cb8-4b9e-4d1a-a042-0bd031dc7d05",
  "config_plug_project_mode_id" : "112c1cb8-4b9e-4d1a-a042-0bd031dc7d05",
  "config_service_project_mode_id" : "112c1cb8-4b9e-4d1a-a042-0bd031dc7d05",
  "endpoint_project_mode_id" : "112c1cb8-4b9e-4d1a-a042-0bd031dc7d05",
  "service_project_mode_id" : "112c1cb8-4b9e-4d1a-a042-0bd031dc7d05",
  "parent_component_config_service_project_mode_id" : "112c1cb8-4b9e-4d1a-a042-0bd031dc7d05",
  "is_audit" : true,
  "keys_with_order" : null
}