{
  "component_config_id" : "cfc6bea3-c9c6-4acc-b0e8-7ebfefa33793",
  "endpoint_config_json" : {
    "type" : "jsonb",
    "value" : "{\"crossRef\": [], \"services\": [], \"multistep\": [], \"operations\": []}",
    "null" : false
  },
  "input_config_json" : {
    "type" : "jsonb",
    "value" : "{\"crossRef\": [], \"services\": [], \"multistep\": [], \"operations\": []}",
    "null" : false
  },
  "output_config_json" : {
    "type" : "jsonb",
    "value" : "{\"crossRef\": [], \"services\": [], \"multistep\": [], \"operations\": [{\"map\": {\"id\": \"29876fb3-af12-4b62-95a4-2b31ccb0b51e\", \"root\": false, \"type\": \"map\", \"cached\": false, \"source\": \"/DCROutput/client_id\", \"target\": \"/CredentialProvisioningInvokeOutput/client_id\", \"mapNull\": false, \"disabled\": false, \"extractXml\": false, \"extractJson\": false, \"targetOrder\": 3.0, \"mapEmptyString\": false, \"sourceJavaType\": \"java.lang.String\", \"targetJavaType\": \"java.lang.String\"}}, {\"map\": {\"id\": \"ce46ac3c-be08-459d-b5c9-500e5f08ebf7\", \"root\": false, \"type\": \"map\", \"cached\": false, \"source\": \"/DCROutput/client_secret\", \"target\": \"/CredentialProvisioningInvokeOutput/client_secret\", \"mapNull\": false, \"disabled\": false, \"extractXml\": false, \"extractJson\": false, \"targetOrder\": 4.0, \"mapEmptyString\": false, \"sourceJavaType\": \"java.lang.String\", \"targetJavaType\": \"java.lang.String\"}}]}",
    "null" : false
  },
  "component_id" : "8ac5fe03-27a2-4e6a-a449-6a8893818223",
  "service_id" : "e0b501e3-9705-485a-9d5d-3982605d4300",
  "endpoint_id" : null,
  "parent_component_config_id" : null,
  "component_config_order" : 3.0,
  "action_id" : "06843b78-eab0-45da-afab-8c8277d7553f",
  "name" : null,
  "description" : "",
  "override_endpoint" : false,
  "input_structure_json" : {
    "type" : "jsonb",
    "value" : "{\"maps\": [], \"mappedNodes\": [\"/DCROutput/client_id pipeIn\", \"/CredentialProvisioningInvokeOutput/client_idpipeOut\", \"/DCROutput/client_secret pipeIn\", \"/CredentialProvisioningInvokeOutput/client_secretpipeOut\"]}",
    "null" : false
  },
  "output_structure_json" : {
    "type" : "jsonb",
    "value" : "{\"maps\": [{\"/CredentialProvisioningInvokeOutput/client_id\": [{\"type\": \"map\", \"source\": {\"path\": \"/DCROutput/client_id\", \"title\": \"client_id\", \"dataElementType\": \"string\"}, \"target\": {\"path\": \"/CredentialProvisioningInvokeOutput/client_id\", \"order\": 3, \"title\": \"client_id\", \"dataElementType\": \"string\"}, \"mapCondition\": {\"isConditionSet\": false, \"sourceTreeIndex\": [], \"targetTreeIndex\": [], \"mapConditionFormValue\": {}}}]}, {\"/CredentialProvisioningInvokeOutput/client_secret\": [{\"type\": \"map\", \"source\": {\"path\": \"/DCROutput/client_secret\", \"title\": \"client_secret\", \"dataElementType\": \"string\"}, \"target\": {\"path\": \"/CredentialProvisioningInvokeOutput/client_secret\", \"order\": 4, \"title\": \"client_secret\", \"dataElementType\": \"string\"}, \"mapCondition\": {\"isConditionSet\": false, \"sourceTreeIndex\": [], \"targetTreeIndex\": [], \"mapConditionFormValue\": {}}}]}], \"transformer\": []}",
    "null" : false
  },
  "endpoint_structure_json" : {
    "type" : "jsonb",
    "value" : "{\"maps\": []}",
    "null" : false
  },
  "is_error" : false,
  "no_of_errors" : 0,
  "action_input_type" : null,
  "config_service_id" : null,
  "config_imap_id" : null,
  "config_b2b_document_type_id" : null,
  "config_document_id" : null,
  "add_variables" : {
    "type" : "jsonb",
    "value" : "[]",
    "null" : false
  },
  "drop_variables" : {
    "type" : "jsonb",
    "value" : "[]",
    "null" : false
  },
  "plug_input_structure" : null,
  "plug_output_structure" : null,
  "config_plug_id" : null,
  "override_plug" : false,
  "config_java_service_id" : null,
  "service_tag" : "V1",
  "endpoint_tag" : "EMPTY",
  "config_service_tag" : "EMPTY",
  "config_imap_tag" : "EMPTY",
  "config_b2b_document_type_tag" : "EMPTY",
  "active" : false,
  "parent_component_config_service_tag" : "V1",
  "service_project_id" : "9040e60e-dc5d-484f-8f8c-c50774cf5875",
  "service_project_tag" : "V1",
  "config_service_project_id" : null,
  "config_service_project_tag" : "EMPTY",
  "config_imap_project_id" : null,
  "config_imap_project_tag" : "EMPTY",
  "config_b2b_document_type_project_id" : null,
  "config_b2b_document_type_project_tag" : "EMPTY",
  "endpoint_project_id" : null,
  "endpoint_project_tag" : "EMPTY",
  "config_plug_tag" : "EMPTY",
  "config_plug_project_id" : null,
  "config_plug_project_tag" : "EMPTY",
  "config_java_service_tag" : "EMPTY",
  "config_java_service_project_id" : null,
  "config_java_service_project_tag" : "EMPTY",
  "disabled" : true,
  "config" : null,
  "config_b2b_document_type_project_mode_id" : "112c1cb8-4b9e-4d1a-a042-0bd031dc7d05",
  "config_imap_project_mode_id" : "112c1cb8-4b9e-4d1a-a042-0bd031dc7d05",
  "config_java_service_project_mode_id" : "112c1cb8-4b9e-4d1a-a042-0bd031dc7d05",
  "config_plug_project_mode_id" : "112c1cb8-4b9e-4d1a-a042-0bd031dc7d05",
  "config_service_project_mode_id" : "112c1cb8-4b9e-4d1a-a042-0bd031dc7d05",
  "endpoint_project_mode_id" : "112c1cb8-4b9e-4d1a-a042-0bd031dc7d05",
  "service_project_mode_id" : "112c1cb8-4b9e-4d1a-a042-0bd031dc7d05",
  "parent_component_config_service_project_mode_id" : "112c1cb8-4b9e-4d1a-a042-0bd031dc7d05",
  "is_audit" : true,
  "keys_with_order" : null
}