{
  "component_config_id" : "97439cdf-a89e-4a83-8dc2-1637bc66030f",
  "endpoint_config_json" : {
    "type" : "jsonb",
    "value" : "{\"crossRef\": [], \"services\": [], \"multistep\": [], \"operations\": []}",
    "null" : false
  },
  "input_config_json" : {
    "type" : "jsonb",
    "value" : "{\"crossRef\": [], \"services\": [], \"multistep\": [], \"operations\": [{\"map\": {\"id\": \"8f897fb3-ba4b-41ca-b76a-fe73a624ee4a\", \"root\": false, \"type\": \"setValue\", \"cached\": false, \"target\": \"/exceptionMessage\", \"mapNull\": false, \"disabled\": false, \"extractXml\": false, \"extractJson\": false, \"targetOrder\": 1.0, \"targetValue\": \"Error calling Okta DCR. %{/ErrorObject/errorMessage}%\", \"mapEmptyString\": false, \"targetJavaType\": \"java.lang.String\", \"variableSubstitution\": true}}]}",
    "null" : false
  },
  "output_config_json" : {
    "type" : "jsonb",
    "value" : "{\"crossRef\": [], \"services\": [], \"multistep\": [], \"operations\": []}",
    "null" : false
  },
  "component_id" : "17e98eca-7b43-440f-bb64-dbeee3fc00ca",
  "service_id" : "1bafffb1-b724-4a97-9a53-45923ebbe95a",
  "endpoint_id" : null,
  "parent_component_config_id" : "44f5fdb4-b806-4211-aa1b-295ec7f593bf",
  "component_config_order" : 2.0,
  "action_id" : "e0225cd0-e630-4cb8-9d8f-816b1101b985",
  "name" : "Throw exception",
  "description" : "",
  "override_endpoint" : false,
  "input_structure_json" : {
    "type" : "jsonb",
    "value" : "{\"maps\": [{\"/exceptionMessage\": [{\"type\": \"setValue\", \"target\": {\"path\": \"/exceptionMessage\", \"order\": 1, \"title\": \"exceptionMessage\", \"dataElementType\": \"string\"}, \"values\": [{\"id\": \"c9ae8307-95df-4856-95ab-1cdbeb3e057b\", \"key\": \"/exceptionMessage\", \"type\": \"string\", \"order\": 1, \"title\": \"exceptionMessage\", \"setValue\": null, \"uiElement\": \"Error calling Okta DCR. <input _ngcontent-ng-c3785946430=\\\"\\\" class=\\\"chip\\\" title=\\\"/ErrorObject/errorMessage\\\" readonly=\\\"true\\\" disabled=\\\"true\\\" type=\\\"button\\\" value=\\\"errorMessage\\\">\", \"entityType\": \"component_action\", \"isSetValue\": false, \"hasChildren\": false, \"isChildrenSet\": false, \"dataElementType\": \"string\", \"allRequiredNodes\": [\"/exceptionMessage\"], \"encryption_required\": false}], \"mapCondition\": {\"isConditionSet\": false, \"sourceTreeIndex\": [], \"targetTreeIndex\": [], \"mapConditionFormValue\": {}}, \"variableSubstitution\": true, \"overwritePipelineValue\": false}]}], \"mappedNodes\": [\"/exceptionMessage actionIn\"]}",
    "null" : false
  },
  "output_structure_json" : {
    "type" : "jsonb",
    "value" : "{\"maps\": [], \"tracks\": {}, \"transformer\": []}",
    "null" : false
  },
  "endpoint_structure_json" : {
    "type" : "jsonb",
    "value" : "{\"maps\": []}",
    "null" : false
  },
  "is_error" : false,
  "no_of_errors" : 0,
  "action_input_type" : null,
  "config_service_id" : null,
  "config_imap_id" : null,
  "config_b2b_document_type_id" : null,
  "config_document_id" : null,
  "add_variables" : {
    "type" : "jsonb",
    "value" : "[]",
    "null" : false
  },
  "drop_variables" : {
    "type" : "jsonb",
    "value" : "[]",
    "null" : false
  },
  "plug_input_structure" : null,
  "plug_output_structure" : null,
  "config_plug_id" : null,
  "override_plug" : false,
  "config_java_service_id" : null,
  "service_tag" : "V1",
  "endpoint_tag" : null,
  "config_service_tag" : "",
  "config_imap_tag" : "",
  "config_b2b_document_type_tag" : "",
  "active" : false,
  "parent_component_config_service_tag" : "V1",
  "service_project_id" : "9040e60e-dc5d-484f-8f8c-c50774cf5875",
  "service_project_tag" : "V1",
  "config_service_project_id" : null,
  "config_service_project_tag" : "",
  "config_imap_project_id" : null,
  "config_imap_project_tag" : "",
  "config_b2b_document_type_project_id" : null,
  "config_b2b_document_type_project_tag" : "",
  "endpoint_project_id" : null,
  "endpoint_project_tag" : null,
  "config_plug_tag" : null,
  "config_plug_project_id" : null,
  "config_plug_project_tag" : null,
  "config_java_service_tag" : "",
  "config_java_service_project_id" : null,
  "config_java_service_project_tag" : "",
  "disabled" : false,
  "config" : null,
  "config_b2b_document_type_project_mode_id" : "112c1cb8-4b9e-4d1a-a042-0bd031dc7d05",
  "config_imap_project_mode_id" : "112c1cb8-4b9e-4d1a-a042-0bd031dc7d05",
  "config_java_service_project_mode_id" : "112c1cb8-4b9e-4d1a-a042-0bd031dc7d05",
  "config_plug_project_mode_id" : "112c1cb8-4b9e-4d1a-a042-0bd031dc7d05",
  "config_service_project_mode_id" : "112c1cb8-4b9e-4d1a-a042-0bd031dc7d05",
  "endpoint_project_mode_id" : "112c1cb8-4b9e-4d1a-a042-0bd031dc7d05",
  "service_project_mode_id" : "112c1cb8-4b9e-4d1a-a042-0bd031dc7d05",
  "parent_component_config_service_project_mode_id" : "112c1cb8-4b9e-4d1a-a042-0bd031dc7d05",
  "is_audit" : true,
  "keys_with_order" : null
}